{
  "code": 200,
  "msg": "\u8bf7\u6c42\u6210\u529f",
  "result": [
    {
      "p_catalog_id": "75",
      "parent_id": "0",
      "name": "\u5305\u5305",
      "pic": "",
      "is_deleted": "0",
      "child": [
        {
          "p_catalog_id": "76",
          "parent_id": "75",
          "name": "\u5973\u5305",
          "pic": "\/product_catalog\/1446017977747.jpg",
          "is_deleted": "0"
        },
        {
          "p_catalog_id": "82",
          "parent_id": "75",
          "name": "\u5355\u80a9\u5305",
          "pic": "\/product_catalog\/1446018101470.jpg",
          "is_deleted": "0"
        },
        {
          "p_catalog_id": "104",
          "parent_id": "75",
          "name": "\u5176\u4ed6",
          "pic": "\/product_catalog\/1465384002640.jpg",
          "is_deleted": "0"
        },
        {
          "p_catalog_id": "77",
          "parent_id": "75",
          "name": "\u94b1\u5305",
          "pic": "\/product_catalog\/1446018023668.jpg",
          "is_deleted": "0"
        },
        {
          "p_catalog_id": "78",
          "parent_id": "75",
          "name": "\u5e06\u5e03\u888b",
          "pic": "\/product_catalog\/1446018040491.jpg",
          "is_deleted": "0"
        },
        {
          "p_catalog_id": "79",
          "parent_id": "75",
          "name": "\u80cc\u5305",
          "pic": "\/product_catalog\/1446018052794.jpg",
          "is_deleted": "0"
        },
        {
          "p_catalog_id": "97",
          "parent_id": "75",
          "name": "\u62c9\u7bb1",
          "pic": "\/product_catalog\/1449660841905.jpg",
          "is_deleted": "0"
        }
      ],
      "hot_product_list": [
        {
          "product_id": "2944",
          "channel_id": "4",
          "brand_id": "3",
          "p_catalog_id": "77",
          "supplier_type": "1",
          "supplier_code": "1101036",
          "name": "\u3010\u5c0f\u8ff7\u5154\u3011\u5251\u7f513 \u5251\u4e09\u5468\u8fb9 \u8f6f\u9762\u62c9\u94fe\u96f6\u94b1\u5305 \u5973\u5f0f\u624b\u62ff\u5305\u5305 \u4e10\u5e2e\u9152\u58f6",
          "cover_price": "33.15",
          "brief": "",
          "figure": "\/1447999535316.jpg",
          "sell_time_start": "1478772000",
          "sell_time_end": "1448553600"
        },
        {
          "product_id": "7228",
          "channel_id": "8",
          "brand_id": "234",
          "p_catalog_id": "82",
          "supplier_type": "2",
          "supplier_code": "2101001",
          "name": "\u3010\u53e4\u602a\u820d\u3011 \u539f\u521b \u65e5\u5f0f\u548c\u98ce  \u5355\u80a9\u659c\u630e\u5305 \u5973\u5f0f\u5370\u82b1\u80cc\u5305  A103",
          "cover_price": "40.00",
          "brief": "\u9884\u552e\u52307\u6708\u4e0b\u65ec",
          "figure": "\/1466154447310.jpg",
          "sell_time_start": "1478772000",
          "sell_time_end": "1466697600"
        },
        {
          "product_id": "2879",
          "channel_id": "8",
          "brand_id": "178",
          "p_catalog_id": "76",
          "supplier_type": "2",
          "supplier_code": "1101003",
          "name": "ISOS\u539f\u521b\u68ee\u7cfb\u751c\u7f8e\u5370\u82b1\u5355\u80a9\u659c\u630e\u5305\u5c0f\u65b9\u5305",
          "cover_price": "59.00",
          "brief": "",
          "figure": "\/1447903575122.jpg",
          "sell_time_start": "1447862400",
          "sell_time_end": "1448467200"
        },
        {
          "product_id": "2654",
          "channel_id": "3",
          "brand_id": "191",
          "p_catalog_id": "76",
          "supplier_type": "2",
          "supplier_code": "1101004",
          "name": "\u3010\u7edd\u5bf9\u840c\u57df\u3011\u8bf7\u95ee\u60a8\u4eca\u5929\u8981\u6765\u70b9\u5154\u5b50\u5417 \u667a\u4e43 \u8ff7\u4f60\u5355\u80a9\u659c\u630e\u5c0f\u5305",
          "cover_price": "43.12",
          "brief": "",
          "figure": "\/1450859589972.jpg",
          "sell_time_start": "1478772000",
          "sell_time_end": "1447603200"
        },
        {
          "product_id": "3404",
          "channel_id": "3",
          "brand_id": "69",
          "p_catalog_id": "82",
          "supplier_type": "1",
          "supplier_code": "0",
          "name": "[\u6563\u6f2b\u820d]\u602a\u7269\u730e\u4eba4 \u827e\u9732\u732b \u732b\u722a\u5207\u7247 \u80cc\u5305 \u5355\u80a9\u5305 \u659c\u8de8\u5305",
          "cover_price": "79.00",
          "brief": "\u672c\u5546\u54c1\u7531\u6563\u6f2b\u820d\u63d0\u4f9b\uff0c5\u4e2a\u5de5\u4f5c\u65e5\u5185\u53d1\u8d27",
          "figure": "\/1449715360061.jpg",
          "sell_time_start": "1449676800",
          "sell_time_end": "1450281600"
        },
        {
          "product_id": "6414",
          "channel_id": "4",
          "brand_id": "3",
          "p_catalog_id": "77",
          "supplier_type": "1",
          "supplier_code": "1101036",
          "name": "\u3010\u5c0f\u8ff7\u5154\u3011\u5251\u7f513\u5251\u4e09\u5468\u8fb9 \u65b0\u5ba0\u5361\u901a\u95e8\u6d3e\u96f6\u94b1\u5305 \u5c0f\u94b1\u5305 \u5973\u58eb\u5305",
          "cover_price": "15.00",
          "brief": "",
          "figure": "\/1469587052018.jpg",
          "sell_time_start": "1462896000",
          "sell_time_end": "1463500800"
        }
      ]
    }
  ]
}