{
  "code": 200,
  "msg": "\u8bf7\u6c42\u6210\u529f",
  "result": {
    "page_data": [
      {
        "product_id": "627",
        "origin_price": "32.00",
        "channel_id": "4",
        "brand_id": "3",
        "p_catalog_id": "52",
        "supplier_type": "1",
        "supplier_code": "1101001",
        "name": "\u5251\u4e09T\u6064\u6279\u53d1",
        "cover_price": "32.00",
        "brief": "",
        "figure": "\/1439367400560.jpg",
        "sell_time_start": "1439308800",
        "sell_time_end": "1439913600"
      },
      {
        "product_id": "3340",
        "origin_price": "55.00",
        "channel_id": "4",
        "brand_id": "3",
        "p_catalog_id": "28",
        "supplier_type": "1",
        "supplier_code": "1101036",
        "name": "\u3010\u5c0f\u8ff7\u5154\u3011\u5251\u7f513\u5251\u4e09\u5468\u8fb9 \u6ce1\u9762\u7897 \u5929\u7b56 \u7eaf\u9633 \u660e\u6559",
        "cover_price": "46.75",
        "brief": "",
        "figure": "\/1478681924760.jpg",
        "sell_time_start": "1478772000",
        "sell_time_end": "1450108800"
      },
      {
        "product_id": "7591",
        "origin_price": "69.00",
        "channel_id": "4",
        "brand_id": "3",
        "p_catalog_id": "26",
        "supplier_type": "1",
        "supplier_code": "0",
        "name": " \u3010\u540c\u4eba\u5bc4\u5356\u3011\u5251\u7f513 \u5251\u4e09 \u70ae\u592a\u96c6\u5408 \u540c\u4ebaQ\u7248\u6302\u4ef6 \u7ed8\u5e08\u5b64\u4e5d",
        "cover_price": "10.00",
        "brief": "\u73b0\u8d27",
        "figure": "\/1467018883461.jpg",
        "sell_time_start": "1466956800",
        "sell_time_end": "1467561600"
      },
      {
        "product_id": "3269",
        "origin_price": "68.00",
        "channel_id": "4",
        "brand_id": "3",
        "p_catalog_id": "90",
        "supplier_type": "2",
        "supplier_code": "802001",
        "name": "[\u781a\u6c60\u5de5\u4f5c\u5ba4]\u5251\u4e09\u5468\u8fb9\u95e8\u6d3e\u53e4\u98ce\u539f\u521b\u72ec\u5bb6\u624b\u5de5\u5b9a\u5236\u53d1\u5149\u5c0f\u591c\u706f",
        "cover_price": "68.00",
        "brief": "\u4e0d\u5305\u542b\u63d0\u624b~\u4e0d\u5305\u542b\u63d0\u624b~\u4e0d\u5305\u542b\u63d0\u624b~OVO \u91cd\u8981\u7684si\u60c5\u55e6\u4e09\u904d~~~ \u5de5\u671f\u4e3a5-10\u4e2a\u5de5\u4f5c\u65e5~\r\n",
        "figure": "\/1449219464141.jpg",
        "sell_time_start": "1449158400",
        "sell_time_end": "1449763200"
      },
      {
        "product_id": "3209",
        "origin_price": "30.00",
        "channel_id": "4",
        "brand_id": "3",
        "p_catalog_id": "26",
        "supplier_type": "2",
        "supplier_code": "802001",
        "name": "[\u781a\u6c60\u5de5\u4f5c\u5ba4] \u5251\u7f513 \u5251\u4e09\u5468\u8fb9\u95e8\u6d3e\u53e4\u98ce\u539f\u521b\u72ec\u5bb6\u624b\u5de5\u5b9a\u5236\u793c\u7269\u6728\u8d28\u5361\u5957",
        "cover_price": "26.40",
        "brief": "",
        "figure": "\/1449134007474.jpg",
        "sell_time_start": "1478772000",
        "sell_time_end": "1449676800"
      },
      {
        "product_id": "2944",
        "origin_price": "39.00",
        "channel_id": "4",
        "brand_id": "3",
        "p_catalog_id": "77",
        "supplier_type": "1",
        "supplier_code": "1101036",
        "name": "\u3010\u5c0f\u8ff7\u5154\u3011\u5251\u7f513 \u5251\u4e09\u5468\u8fb9 \u8f6f\u9762\u62c9\u94fe\u96f6\u94b1\u5305 \u5973\u5f0f\u624b\u62ff\u5305\u5305 \u4e10\u5e2e\u9152\u58f6",
        "cover_price": "33.15",
        "brief": "",
        "figure": "\/1447999535316.jpg",
        "sell_time_start": "1478772000",
        "sell_time_end": "1448553600"
      },
      {
        "product_id": "15",
        "origin_price": "90.00",
        "channel_id": "4",
        "brand_id": "3",
        "p_catalog_id": "17",
        "supplier_type": "1",
        "supplier_code": "1101036",
        "name": "\u3010\u5c0f\u8ff7\u5154\u3011\u5251\u7f513 \u5251\u4e09   \u957f\u67c4 \u81ea\u52a8 \u53e4\u98ce\u96e8\u4f1e \u590f\u65e5\u51fa\u884c",
        "cover_price": "76.50",
        "brief": "\u5251\u7f51\u4e09 \u52513 \u7f57\u4f1e\u9716\u96e8\u6625 \u7a7a\u8c37\u5e7d\u5170\u00a0\u96e8\u4f1e\u957f\u67c4 \u7537\u5973\u96e8\u4f1e \u51fa\u54c1\uff1a\u5c0f\u8ff7\u5154\u7684\u5468\u8fb9",
        "figure": "\/1460529658392.jpg",
        "sell_time_start": "1478772000",
        "sell_time_end": "0"
      },
      {
        "product_id": "3212",
        "origin_price": "230.00",
        "channel_id": "4",
        "brand_id": "3",
        "p_catalog_id": "90",
        "supplier_type": "2",
        "supplier_code": "802001",
        "name": "[\u781a\u6c60\u5de5\u4f5c\u5ba4] \u5251\u7f513 \u5251\u4e09\u5468\u8fb9\u95e8\u6d3e\u539f\u521b\u8bbe\u8ba1\u53ef\u8c03\u5149\u5145\u7535\u53f0\u706f\u3010\u4e4c\u591c\u557c\u3011",
        "cover_price": "202.40",
        "brief": "\u6b64\u4e3a\u4e0b\u5355\u5b9a\u5236\u3002\u5de5\u671f7-10\u5929\u3002\u7531\u781a\u6c60\u53d1\u8d27\u3002\u975e\u8d28\u91cf\u95ee\u9898\u4e0b\u5355\u4e0d\u4f5c\u9000\u6362\u3002",
        "figure": "\/1474971558864.jpg",
        "sell_time_start": "1478772000",
        "sell_time_end": "1449676800"
      },
      {
        "product_id": "5",
        "origin_price": "13.00",
        "channel_id": "4",
        "brand_id": "3",
        "p_catalog_id": "26",
        "supplier_type": "1",
        "supplier_code": "0",
        "name": "\u3010\u884d\u751f\u539f\u521b\u3011\u5251\u4fa0\u60c5\u7f18\u53c1 \u5251\u7f513 \u5251\u4e09\u62a4\u8eab\u7b26\u9999\u5305 \u6302\u4ef6 \u5fa1\u5b88",
        "cover_price": "13.00",
        "brief": "\u51fa\u54c1\uff1a\u55b5\u53fd\u53fd\u53fd\u5927\u8054\u840c",
        "figure": "\/1429840421737.jpg",
        "sell_time_start": "0",
        "sell_time_end": "0"
      },
      {
        "product_id": "2945",
        "origin_price": "68.00",
        "channel_id": "4",
        "brand_id": "3",
        "p_catalog_id": "105",
        "supplier_type": "1",
        "supplier_code": "1101036",
        "name": "\u3010\u5c0f\u8ff7\u5154\u3011\u5251\u7f513\u5468\u8fb9\u95e8\u6d3eLOGO \u7eaf\u68c9\u9488\u7ec7\u56f4\u5dfe ",
        "cover_price": "57.80",
        "brief": "",
        "figure": "\/1447999737252.jpg",
        "sell_time_start": "1478772000",
        "sell_time_end": "1448553600"
      },
      {
        "product_id": "2514",
        "origin_price": "15.00",
        "channel_id": "4",
        "brand_id": "3",
        "p_catalog_id": "26",
        "supplier_type": "1",
        "supplier_code": "0",
        "name": "\u3010\u540c\u4eba\u539f\u521b\u3011\u5251\u7f513 \u55b5\u54e5\u6821\u670dQ\u7248 \u8d85\u840c\u55b5\u53fd \u6302\u4ef6",
        "cover_price": "15.00",
        "brief": "",
        "figure": "\/1446101440788.jpg",
        "sell_time_start": "1446048000",
        "sell_time_end": "1446652800"
      },
      {
        "product_id": "6414",
        "origin_price": "20.00",
        "channel_id": "4",
        "brand_id": "3",
        "p_catalog_id": "77",
        "supplier_type": "1",
        "supplier_code": "1101036",
        "name": "\u3010\u5c0f\u8ff7\u5154\u3011\u5251\u7f513\u5251\u4e09\u5468\u8fb9 \u65b0\u5ba0\u5361\u901a\u95e8\u6d3e\u96f6\u94b1\u5305 \u5c0f\u94b1\u5305 \u5973\u58eb\u5305",
        "cover_price": "15.00",
        "brief": "",
        "figure": "\/1469587052018.jpg",
        "sell_time_start": "1462896000",
        "sell_time_end": "1463500800"
      },
      {
        "product_id": "6113",
        "origin_price": "45.00",
        "channel_id": "4",
        "brand_id": "182",
        "p_catalog_id": "31",
        "supplier_type": "1",
        "supplier_code": "1101009",
        "name": "\u3010\u5929\u95fb\u89d2\u5ddd\u3011\u5200\u5251\u4e71\u821e-ONLINE- \u5200\u7537\u6298\u6247",
        "cover_price": "45.00",
        "brief": "",
        "figure": "\/1461665662734.jpg",
        "sell_time_start": "1461600000",
        "sell_time_end": "1462204800"
      },
      {
        "product_id": "3281",
        "origin_price": "159.00",
        "channel_id": "4",
        "brand_id": "281",
        "p_catalog_id": "71",
        "supplier_type": "2",
        "supplier_code": "100004",
        "name": "\u3010\u4e00\u65b9\u5c18\u5bf0\u3011\u5251\u4e09 \u4e07\u82b1 \u5170\u4ead\u9999\u96ea 95\u5927\u6a59\u6b66\u53d1\u7c2a\u5468\u8fb9\u6446\u4ef6\u9884\u552e",
        "cover_price": "120.00",
        "brief": "\u6700\u540e\u4e00\u6b21\u5f0095\u4e07\u82b1\u56e2\u4e86\uff01\uff01\uff01\u6700\u540e500\u4e2a\u5b8c\u552e\u540e\u5c31\u6b63\u5f0f\u5c01\u4ed3\u4e0d\u518d\u505a\u4e86\uff01\uff01 \r\n\u5927\u8d27\u6837\u56fe\u5df2\u51fa\uff01\uff01\u6539\u7248\u4e4b\u540e\u66f4\u5c4c\u6709\u6728\u6709\uff01\u771f\u91d1\u7535\u9540\u7edd\u5bf9\u8d85\u503c\uff01 \u5b9e\u529b\u6253\u9020\uff0c\u4e0d\u5bb9\u9519\u8fc7\uff01 \u7528\u5fc3\u6253\u78e8\uff0c\u53ea\u4e3a\u613f\u60a8\u4e00\u4e2a\u6a59\u6b66\u68a6\uff01\uff01\uff01\r\n\u56fe\u4e3a\u6700\u7ec8\u6837\uff0c\u9646\u7eed\u4f1a\u653e\u5927\u8d27\u9ad8\u6e05\u5927\u56fe\uff01\uff01\u5b9e\u529b\u6253\u9020\uff0c\u4e0d\u5bb9\u9519\u8fc7\uff01 \u7528\u5fc3\u6253\u78e8\uff0c\u53ea\u4e3a\u5706\u5c3c\u4e00\u4e2a\u6a59\u6b66\u68a6\uff01\uff01\uff01",
        "figure": "\/1453194827823.jpg",
        "sell_time_start": "0",
        "sell_time_end": "0"
      },
      {
        "product_id": "3211",
        "origin_price": "15.00",
        "channel_id": "4",
        "brand_id": "3",
        "p_catalog_id": "26",
        "supplier_type": "2",
        "supplier_code": "802001",
        "name": "[\u781a\u6c60\u5de5\u4f5c\u5ba4] \u5251\u7f513 \u5251\u4e09\u5468\u8fb9\u95e8\u6d3e\u53e4\u98ce\u539f\u521b\u72ec\u5bb6\u793c\u7269 \u95e8\u6d3e\u884d\u751f\u91d1\u5c5e\u4e66\u7b7e",
        "cover_price": "13.20",
        "brief": "",
        "figure": "\/1449137495482.jpg",
        "sell_time_start": "1478772000",
        "sell_time_end": "1449676800"
      },
      {
        "product_id": "5774",
        "origin_price": "92.00",
        "channel_id": "4",
        "brand_id": "3",
        "p_catalog_id": "90",
        "supplier_type": "2",
        "supplier_code": "802001",
        "name": "[\u781a\u6c60\u5de5\u4f5c\u5ba4]  \u5251\u7f513 \u5251\u4e09\u5468\u8fb9\u95e8\u6d3e\u53e4\u98ce\u539f\u521b\u72ec\u5bb6\u5b9a\u5236\u793c\u7269\u50a8\u84c4\u7f50\u6536\u7eb3\u76d2",
        "cover_price": "80.96",
        "brief": "",
        "figure": "\/supplier\/1478517808928.jpg",
        "sell_time_start": "1478772000",
        "sell_time_end": "1460044800"
      },
      {
        "product_id": "21",
        "origin_price": "8.00",
        "channel_id": "4",
        "brand_id": "3",
        "p_catalog_id": "26",
        "supplier_type": "1",
        "supplier_code": "0",
        "name": "\u3010\u540c\u4eba\u539f\u521b\u3011\u5251\u7f513 \u5251\u4fa0\u60c5\u7f18\u53c1 Q\u7248\u6210\u7537 \u53e3\u888b\u80f8\u9488",
        "cover_price": "8.00",
        "brief": "\u3010\u540c\u4eba\u539f\u521b\u3011\u5251\u4fa0\u60c5\u7f18\u53c1 \u53e3\u888b\u80f8\u9488\u00a0\u5251\u7f51\u4e09\u7cfb\u5217",
        "figure": "\/1460456357286.jpg",
        "sell_time_start": "0",
        "sell_time_end": "0"
      },
      {
        "product_id": "1341",
        "origin_price": "50.00",
        "channel_id": "4",
        "brand_id": "3",
        "p_catalog_id": "24",
        "supplier_type": "1",
        "supplier_code": "0",
        "name": "\u3010\u84dd\u8bfa\u3011\u300a\u5929\u4e0b\u543e\u53cc\u300b \u5251\u7f513\u540c\u4eba\u672c",
        "cover_price": "50.00",
        "brief": "",
        "figure": "\/1441850026602.jpg",
        "sell_time_start": "1441814400",
        "sell_time_end": "1442419200"
      },
      {
        "product_id": "1351",
        "origin_price": "35.00",
        "channel_id": "4",
        "brand_id": "3",
        "p_catalog_id": "104",
        "supplier_type": "1",
        "supplier_code": "0",
        "name": "\u3010\u94b1\u5858\u591c\u753b\u3011\u5251\u7f513 \u5251\u4e09 \u5468\u8fb9 11\u5927\u95e8\u6d3e\u624b\u673a\u5305 \u624b\u5de5\u5c0f\u5305",
        "cover_price": "35.00",
        "brief": "\u5176\u4f59\u95e8\u6d3e\u6b63\u5728\u5236\u4f5c\u7ec4 = 3=",
        "figure": "\/1441953751100.jpg",
        "sell_time_start": "1441900800",
        "sell_time_end": "1442505600"
      },
      {
        "product_id": "3540",
        "origin_price": "79.00",
        "channel_id": "4",
        "brand_id": "3",
        "p_catalog_id": "24",
        "supplier_type": "1",
        "supplier_code": "0",
        "name": "\u3010\u5408\u5fd7\u3011\u3010\u4e8c\u5237\u73b0\u8d27\u3011\u300a\u82cd\u5929\u9976\u8fc7\u8c01\u300b \u5251\u7f513 \u5251\u4e09  \u540c\u4eba\u6f2b\u753b",
        "cover_price": "70.00",
        "brief": "\u9650\u91cf\u4e8c\u5237\u73b0\u8d27~",
        "figure": "\/1450271803680.jpg",
        "sell_time_start": "1450195200",
        "sell_time_end": "1450800000"
      }
    ],
    "catalog_data": false,
    "brand_data": false,
    "is_recommended": "0"
  }
}