{
  "code": 200,
  "msg": "\u8bf7\u6c42\u6210\u529f",
  "result": {
    "page_data": [
      {
        "product_id": "2704",
        "origin_price": "300.00",
        "channel_id": "6",
        "brand_id": "230",
        "p_catalog_id": "3",
        "supplier_type": "1",
        "supplier_code": "0",
        "name": "\u4e2d\u534e\u98celolita -\u5c71\u6d77\u7ecf \u51e4\u51f0\u56fe  JSK",
        "cover_price": "300.00",
        "brief": "",
        "figure": "\/1447239453626.jpg",
        "sell_time_start": "1447171200",
        "sell_time_end": "1447776000"
      },
      {
        "product_id": "1969",
        "origin_price": "12.00",
        "channel_id": "6",
        "brand_id": "80",
        "p_catalog_id": "71",
        "supplier_type": "1",
        "supplier_code": "1101037",
        "name": "\u3010\u753b\u5f71\u3011\u53e4\u98ce \u5934\u9970 Lolita \u7f8a\u5c3e\u5df4 \u88c5\u9970\u6bdb\u94b1\u6d41\u82cf\u53d1\u5939",
        "cover_price": "12.00",
        "brief": "",
        "figure": "\/1443527992618.jpg",
        "sell_time_start": "1443456000",
        "sell_time_end": "1444060800"
      },
      {
        "product_id": "2215",
        "origin_price": "158.00",
        "channel_id": "6",
        "brand_id": "215",
        "p_catalog_id": "59",
        "supplier_type": "1",
        "supplier_code": "1101015",
        "name": "\u3010\u6e38\u9e64\u5de5\u4f5c\u5ba4\u3011\u95f2\u68a6\u6c84\u6c84\u4e0b\u88d9\u523a\u7ee3\u767d\u9e7f\uff08\u77ed\u6b3e\uff09- \u85cf\u9752",
        "cover_price": "110.60",
        "brief": "\u73b0\u8d27 ",
        "figure": "\/1444883979497.jpg",
        "sell_time_start": "1444838400",
        "sell_time_end": "1445443200"
      },
      {
        "product_id": "6727",
        "origin_price": "9.90",
        "channel_id": "6",
        "brand_id": "80",
        "p_catalog_id": "71",
        "supplier_type": "1",
        "supplier_code": "0",
        "name": "\u3010\u55b5\u9e7f\u9171\u3011\u53e4\u98ce\u53d1\u5e26 \u548c\u98ce\u53d1\u5e26 \u591a\u6b3e\u53ef\u9009",
        "cover_price": "9.90",
        "brief": "",
        "figure": "\/1464601009314.jpg",
        "sell_time_start": "1464537600",
        "sell_time_end": "1465142400"
      },
      {
        "product_id": "5181",
        "origin_price": "250.00",
        "channel_id": "6",
        "brand_id": "394",
        "p_catalog_id": "10",
        "supplier_type": "2",
        "supplier_code": "1101037",
        "name": "\u3010\u753b\u5f71\u3011\u6c49\u5143\u7d20 \u53e4\u98ce\u65e5\u5e38\u2014\u2014 \u4ef2\u590f ",
        "cover_price": "250.00",
        "brief": "",
        "figure": "\/1457504361484.jpg",
        "sell_time_start": "1457452800",
        "sell_time_end": "1458057600"
      },
      {
        "product_id": "1910",
        "origin_price": "148.00",
        "channel_id": "6",
        "brand_id": "3",
        "p_catalog_id": "17",
        "supplier_type": "2",
        "supplier_code": "1601002",
        "name": "\u3010\u9038\u5f71\u9601\u3011\u5251\u7f513 \u5251\u4e09 \u591c\u5e55\u661f\u6cb3\u4f1e \u76f4\u9aa8\u957f\u67c4\/\u6298\u53e0\u96e8\u4f1e \u590f\u65e5\u51fa\u884c",
        "cover_price": "148.00",
        "brief": "",
        "figure": "\/supplier\/1464589918004.jpg",
        "sell_time_start": "1443369600",
        "sell_time_end": "1443974400"
      },
      {
        "product_id": "2703",
        "origin_price": "280.00",
        "channel_id": "6",
        "brand_id": "230",
        "p_catalog_id": "3",
        "supplier_type": "1",
        "supplier_code": "0",
        "name": "\u5c71\u6d77\u7ecf \u516b\u9e1f\u56fe \u53e4\u98ce\u65e5\u5e38",
        "cover_price": "280.00",
        "brief": "",
        "figure": "\/1447239117492.jpg",
        "sell_time_start": "1447171200",
        "sell_time_end": "1447776000"
      },
      {
        "product_id": "555",
        "origin_price": "69.00",
        "channel_id": "6",
        "brand_id": "3",
        "p_catalog_id": "17",
        "supplier_type": "1",
        "supplier_code": "0",
        "name": "\u3010\u53e4\u98ce\u539f\u521b\u3011 \u81ea\u52a8\u76f4\u67c4\u4f1e \u6674\u96e8\u4f1e \u3010\u9752\u7af9\u8bcd\u3011\u5305\u90ae  \u65b0\u589e\u6298\u53e0\u4f1e",
        "cover_price": "59.00",
        "brief": "",
        "figure": "\/1438680345318.jpg",
        "sell_time_start": "1438617600",
        "sell_time_end": "1439222400"
      },
      {
        "product_id": "6631",
        "origin_price": "160.00",
        "channel_id": "6",
        "brand_id": "3",
        "p_catalog_id": "10",
        "supplier_type": "1",
        "supplier_code": "0",
        "name": "\u3010\u55b5\u9e7f\u9171\u3011\u6c49\u5143\u7d20\u65e5\u5e38\u77ed\u8966\u88d9\u5957\u88c5",
        "cover_price": "160.00",
        "brief": "",
        "figure": "\/1463996769108.jpg",
        "sell_time_start": "1463932800",
        "sell_time_end": "1464537600"
      },
      {
        "product_id": "4948",
        "origin_price": "120.00",
        "channel_id": "6",
        "brand_id": "336",
        "p_catalog_id": "10",
        "supplier_type": "2",
        "supplier_code": "1907001",
        "name": "\u3010\u6e05\u8d8a\u4e4b\u9e23\u3011\u539f\u521b\u6c49\u5143\u7d20\u65f6\u88c5 \u4e00\u4ef6\u5f0f\u9f50\u80f8\u8966\u88d9 \u4e8c\u5341\u56db\u8282\u6c14\u4e4b\u8c37\u96e8",
        "cover_price": "120.00",
        "brief": "\u3010\u73b0\u8d27\u3011\u552e\u5b8c\u4e0d\u8865\r\n\u539f\u521b\u6c49\u5143\u7d20\uff0c\u8c37\u96e8\uff0c\u4e09\u7c73\u5927\u6446\uff0c\u56e0\u5149\u7ebf\u548c\u62cd\u6444\u7b49\u95ee\u9898\u53ef\u80fd\u4f1a\u6709\u4e9b\u8bb8\u8272\u5dee\uff0c\u4ecb\u610f\u614e\u62cd\u3002\r\n\u6ee1128\u5143\u5168\u56fd\u5305\u90ae\u3002",
        "figure": "\/supplier\/1456923360503.jpg",
        "sell_time_start": "0",
        "sell_time_end": "0"
      },
      {
        "product_id": "3015",
        "origin_price": "98.00",
        "channel_id": "6",
        "brand_id": "230",
        "p_catalog_id": "65",
        "supplier_type": "1",
        "supplier_code": "1101037",
        "name": "\u3010\u753b\u5f71\u3011 \u96ea\u57df\u8537\u8587 \u65e5\u5e38\u4e24\u7528\u62ab\u80a9",
        "cover_price": "98.00",
        "brief": "\u73b0\u8d27",
        "figure": "\/1448423767352.jpg",
        "sell_time_start": "1448294400",
        "sell_time_end": "1448899200"
      },
      {
        "product_id": "2220",
        "origin_price": "48.00",
        "channel_id": "6",
        "brand_id": "3",
        "p_catalog_id": "52",
        "supplier_type": "1",
        "supplier_code": "0",
        "name": "\u3010\u753b\u5f71\u3011\u53e4\u98ce\u4e07\u7528\u6253\u5e95\u4e2d\u8349\u836f\u80cc\u5fc3 \u2014\u2014\u836f\u85cf\u79cb\u77f3 \u9f99\u80c6",
        "cover_price": "48.00",
        "brief": "",
        "figure": "\/1444990060523.jpg",
        "sell_time_start": "1444924800",
        "sell_time_end": "1445529600"
      },
      {
        "product_id": "8161",
        "origin_price": "115.00",
        "channel_id": "6",
        "brand_id": "234",
        "p_catalog_id": "109",
        "supplier_type": "2",
        "supplier_code": "2101001",
        "name": "\u3010\u53e4\u602a\u820d\u3011\u539f\u521b\u8bbe\u8ba1 \u9e64\u7cfb\u5217-\u96ea\u7eba\u9632\u6652\u670d \u4e2d\u56fd\u98ce\u5916\u5957\u5f00\u886b A86",
        "cover_price": "101.00",
        "brief": "",
        "figure": "\/1469003481664.jpg",
        "sell_time_start": "1478772000",
        "sell_time_end": "1469548800"
      },
      {
        "product_id": "4632",
        "origin_price": "38.00",
        "channel_id": "6",
        "brand_id": "3",
        "p_catalog_id": "90",
        "supplier_type": "2",
        "supplier_code": "802001",
        "name": "[\u781a\u6c60\u5de5\u4f5c\u5ba4]  \u5251\u7f513 \u5251\u4e09\u5468\u8fb9\u95e8\u6d3e\u53e4\u98ce\u539f\u521b\u72ec\u5bb6\u5b9a\u5236\u793c\u7269 \u968f\u8eab\u955c\u5316\u5986\u955c\u3010\u4eff\u94dc\u6b3e\u3011",
        "cover_price": "33.44",
        "brief": "",
        "figure": "\/1455763241297.jpg",
        "sell_time_start": "1478772000",
        "sell_time_end": "1456329600"
      },
      {
        "product_id": "554",
        "origin_price": "69.00",
        "channel_id": "6",
        "brand_id": "3",
        "p_catalog_id": "17",
        "supplier_type": "1",
        "supplier_code": "0",
        "name": "\u3010\u53e4\u98ce\u539f\u521b\u3011 \u81ea\u52a8\u76f4\u67c4\u4f1e \u6674\u96e8\u4f1e \u3010\u96e8\u83b2\u3011\u5305\u90ae  \u65b0\u589e\u6298\u53e0\u4f1e",
        "cover_price": "59.00",
        "brief": "",
        "figure": "\/1438679465905.jpg",
        "sell_time_start": "1438617600",
        "sell_time_end": "1439222400"
      },
      {
        "product_id": "3419",
        "origin_price": "25.00",
        "channel_id": "6",
        "brand_id": "80",
        "p_catalog_id": "71",
        "supplier_type": "1",
        "supplier_code": "1101037",
        "name": "\u3010\u753b\u5f71\u3011\u53e4\u98ce\u9ed1\u6a80\u6728\u53d1\u7c2a\u2014\u2014\u9f99\u89d2",
        "cover_price": "21.00",
        "brief": "",
        "figure": "\/1449737056723.jpg",
        "sell_time_start": "1449676800",
        "sell_time_end": "1450281600"
      },
      {
        "product_id": "614",
        "origin_price": "15.90",
        "channel_id": "6",
        "brand_id": "5",
        "p_catalog_id": "32",
        "supplier_type": "1",
        "supplier_code": "0",
        "name": "\u3010\u5c81\u6708\u574a\u3011\u624b\u5de5\u672c\u6c34\u58a8\u98ce\u4e4b\u58a8\u8377",
        "cover_price": "9.90",
        "brief": "",
        "figure": "\/1438946011155.jpg",
        "sell_time_start": "1438876800",
        "sell_time_end": "1439481600"
      },
      {
        "product_id": "4023",
        "origin_price": "68.00",
        "channel_id": "6",
        "brand_id": "5",
        "p_catalog_id": "77",
        "supplier_type": "2",
        "supplier_code": "802001",
        "name": "[\u781a\u6c60\u5de5\u4f5c\u5ba4] [\u539f\u521b] \u5173\u5c71\u6708\u53cc\u9762\u7ee3\u82b1\u675f\u53e3\u8377\u5305",
        "cover_price": "68.00",
        "brief": "",
        "figure": "\/1452670588009.jpg",
        "sell_time_start": "1452614400",
        "sell_time_end": "1453219200"
      },
      {
        "product_id": "1968",
        "origin_price": "15.00",
        "channel_id": "6",
        "brand_id": "80",
        "p_catalog_id": "71",
        "supplier_type": "1",
        "supplier_code": "1101037",
        "name": "\u3010\u753b\u5f71\u3011\u53e4\u98ce \u5934\u9970 \u4eff\u771f\u7ee2\u82b1\u51b0\u4e1d\u6d41\u82cf\u624b\u5de5\u53d1\u5939",
        "cover_price": "15.00",
        "brief": "",
        "figure": "\/1443527174561.jpg",
        "sell_time_start": "1443456000",
        "sell_time_end": "1444060800"
      },
      {
        "product_id": "8727",
        "origin_price": "398.00",
        "channel_id": "6",
        "brand_id": "394",
        "p_catalog_id": "88",
        "supplier_type": "2",
        "supplier_code": "1101037",
        "name": "\u9884\u552e\u3010\u753b\u5f71\u3011 \u523a\u7ee3\u6b3e\u53e4\u98ce\u539f\u521b\u6c49\u5143\u7d20\u6539\u826f\u5957\u88c5 \u9c9b\u4eba\u6b4c \u6e56\u84dd\u9ed1-\u88d9\u5b50",
        "cover_price": "398.00",
        "brief": "\u9884\u552e\u671f\u81f38\u670828\u65e5\u665a12\u70b9\uff0c\u9884\u552e\u7ed3\u675f\u540e\u5f00\u59cb\u5236\u4f5c\uff0c\u5de5\u671f65\u5929\uff0c\u5b8c\u5de5\u540e\u5b89\u6392\u53d1\u8d27\u3002",
        "figure": "\/1471227129244.jpg",
        "sell_time_start": "1471190400",
        "sell_time_end": "1471795200"
      }
    ],
    "catalog_data": false,
    "brand_data": false,
    "is_recommended": "0"
  }
}