{
  "code": 200,
  "msg": "\u8bf7\u6c42\u6210\u529f",
  "result": [
    {
      "p_catalog_id": "64",
      "parent_id": "0",
      "name": "\u5916\u5957",
      "pic": "",
      "is_deleted": "0",
      "child": [
        {
          "p_catalog_id": "65",
          "parent_id": "64",
          "name": "\u65e5\u5e38",
          "pic": "\/product_catalog\/1446017786075.jpg",
          "is_deleted": "0"
        },
        {
          "p_catalog_id": "111",
          "parent_id": "64",
          "name": "\u6c49\u98ce",
          "pic": "\/product_catalog\/1465384012358.jpg",
          "is_deleted": "0"
        },
        {
          "p_catalog_id": "67",
          "parent_id": "64",
          "name": "\u548c\u98ce",
          "pic": "\/product_catalog\/1446017802214.jpg",
          "is_deleted": "0"
        },
        {
          "p_catalog_id": "68",
          "parent_id": "64",
          "name": "lolita",
          "pic": "\/product_catalog\/1446017835551.jpg",
          "is_deleted": "0"
        }
      ],
      "hot_product_list": [
        {
          "product_id": "6633",
          "channel_id": "8",
          "brand_id": "394",
          "p_catalog_id": "67",
          "supplier_type": "2",
          "supplier_code": "1101037",
          "name": "\u3010\u753b\u5f71\u3011\u73b0\u8d27  \u5c0f\u72d0\u72f8\u7fbd\u7ec7 ",
          "cover_price": "132.00",
          "brief": "\u7ea2\u9ed1\u6b3e\u662f\u73b0\u8d27\u54e6\u00b7~\u73b0\u8d27\u4e0d\u914d\u9001\u53d1\u5e26~~\u7ea2\u9ed1\u6b3e\u662f\u73b0\u8d27\u54e6\u00b7~\u73b0\u8d27\u4e0d\u914d\u9001\u53d1\u5e26~~\u7ea2\u9ed1\u6b3e\u662f\u73b0\u8d27\u54e6\u00b7~\u73b0\u8d27\u4e0d\u914d\u9001\u53d1\u5e26~~ \u91cd\u8981\u7684\u4e8b\u60c5\u8bf4\u4e09\u6b21~",
          "figure": "\/1466759461799.jpg",
          "sell_time_start": "1464019200",
          "sell_time_end": "1464624000"
        },
        {
          "product_id": "2855",
          "channel_id": "3",
          "brand_id": "258",
          "p_catalog_id": "65",
          "supplier_type": "2",
          "supplier_code": "2105003",
          "name": "\u3010\u5b85\u6f2b\u5468\u8fb9\u5e97\u3011\u67f4\u72acdoge\u5468\u8fb9 \u53ef\u7231\u840c \u725b\u89d2\u6263\u5b66\u9662\u98ce\u5462\u5b50\u5927\u8863 \u52a8\u6f2b\u5916\u5957",
          "cover_price": "168.00",
          "brief": "",
          "figure": "\/1476170715116.jpg",
          "sell_time_start": "1447776000",
          "sell_time_end": "1448380800"
        },
        {
          "product_id": "5605",
          "channel_id": "8",
          "brand_id": "234",
          "p_catalog_id": "67",
          "supplier_type": "2",
          "supplier_code": "2101001",
          "name": "\u3010\u53e4\u602a\u820d\u3011\u539f\u521b \u65e5\u672c\u548c\u98ce \u62db\u8d22\u732b\u548c\u670d\u6d74\u8863 \u5916\u5957 \u7a7a\u8c03\u5f00\u886bA8",
          "cover_price": "99.00",
          "brief": "",
          "figure": "\/1459131888532.jpg",
          "sell_time_start": "1459094400",
          "sell_time_end": "1459699200"
        },
        {
          "product_id": "2406",
          "channel_id": "8",
          "brand_id": "23",
          "p_catalog_id": "65",
          "supplier_type": "2",
          "supplier_code": "1101004",
          "name": "\u3010\u7edd\u5bf9\u840c\u57df\u3011\u8230\u961fCollection \u5317\u65b9\u9171 \u7eaf\u68c9\u62c9\u94fe\u8fde\u5e3d\u536b\u8863\u5916\u5957\u79cb\u51ac",
          "cover_price": "139.92",
          "brief": "\u5df2\u5230\u8d27\uff0c\u53d1\u8d27\u4e2d",
          "figure": "\/1445568698438.jpg",
          "sell_time_start": "1478772000",
          "sell_time_end": "1446134400"
        },
        {
          "product_id": "4226",
          "channel_id": "8",
          "brand_id": "5",
          "p_catalog_id": "65",
          "supplier_type": "2",
          "supplier_code": "1801007",
          "name": "\u3010 \u4e09\u8272\u747e\u3011\u7f8e\u5c11\u5973\u7684\u51ac\u5929 \u957f\u6b3e\u98ce\u8863 LOLITA \u65e5\u5e38 \u54e5\u7279\u98ce\u8863",
          "cover_price": "280.60",
          "brief": "",
          "figure": "\/1453477900441.jpg",
          "sell_time_start": "1453392000",
          "sell_time_end": "1453996800"
        },
        {
          "product_id": "2653",
          "channel_id": "8",
          "brand_id": "191",
          "p_catalog_id": "65",
          "supplier_type": "2",
          "supplier_code": "1101004",
          "name": "\u3010\u7edd\u5bf9\u840c\u57df\u3011\u8bf7\u95ee\u60a8\u4eca\u5929\u8981\u6765\u70b9\u5154\u5b50\u5417 \u9999\u98ce\u667a\u4e43 \u7eaf\u68c9\u536b\u8863\u5916\u5957",
          "cover_price": "128.00",
          "brief": "",
          "figure": "\/1447036942992.jpg",
          "sell_time_start": "1478772000",
          "sell_time_end": "1447603200"
        }
      ]
    }
  ]
}