{
  "code": 200,
  "msg": "\u8bf7\u6c42\u6210\u529f",
  "result": [
    {
      "p_catalog_id": "57",
      "parent_id": "0",
      "name": "\u4e0b\u88c5",
      "pic": "",
      "is_deleted": "0",
      "child": [
        {
          "p_catalog_id": "110",
          "parent_id": "57",
          "name": "\u6c49\u98ce",
          "pic": "\/product_catalog\/1465383117300.jpg",
          "is_deleted": "0"
        },
        {
          "p_catalog_id": "59",
          "parent_id": "57",
          "name": "\u53e4\u98ce",
          "pic": "\/product_catalog\/1446017608030.jpg",
          "is_deleted": "0"
        },
        {
          "p_catalog_id": "61",
          "parent_id": "57",
          "name": "lolita",
          "pic": "\/product_catalog\/1446017628543.jpg",
          "is_deleted": "0"
        },
        {
          "p_catalog_id": "62",
          "parent_id": "57",
          "name": "\u80d6\u6b21",
          "pic": "\/product_catalog\/1446017713072.jpg",
          "is_deleted": "0"
        },
        {
          "p_catalog_id": "63",
          "parent_id": "57",
          "name": "\u5357\u74dc\u88e4",
          "pic": "\/product_catalog\/1446017725424.jpg",
          "is_deleted": "0"
        },
        {
          "p_catalog_id": "88",
          "parent_id": "57",
          "name": "\u65e5\u5e38",
          "pic": "\/product_catalog\/1446017744373.jpg",
          "is_deleted": "0"
        }
      ],
      "hot_product_list": [
        {
          "product_id": "6634",
          "channel_id": "8",
          "brand_id": "5",
          "p_catalog_id": "88",
          "supplier_type": "2",
          "supplier_code": "1101037",
          "name": "\u3010\u753b\u5f71\u3011\u5c0f\u72d0\u72f8\u77ed\u88d9",
          "cover_price": "98.00",
          "brief": "\u7ea2\u9ed1\u77ed\u88d9\u662f\u73b0\u8d27\u54e6~",
          "figure": "\/1466759853976.jpg",
          "sell_time_start": "1464019200",
          "sell_time_end": "1464624000"
        },
        {
          "product_id": "6897",
          "channel_id": "15",
          "brand_id": "402",
          "p_catalog_id": "88",
          "supplier_type": "2",
          "supplier_code": "802004",
          "name": "\u3010\u6d41\u70df\u6614\u6ce0\u3011\u6c49\u5143\u7d20 \u534a\u81c2 \u77ed\u5b8b\u88e4 \u540a\u5e26 \u523a\u7ee3 \u8c46\u853b\u5e74\u534e\u5c11\u5973\u7cfb\u5217-\u6e05\u79cb\u5154 \u77ed\u5b8b\u88e4",
          "cover_price": "99.00",
          "brief": "7\u670815\u65e5\u8d77\u8fdb\u5165\u7b2c\u56db\u6279\u9884\u5b9a\uff0c\u7b2c\u56db\u6279\u7ea67\u670831\u65e5\u5de6\u53f3\u53d1\u8d27",
          "figure": "\/1465296453463.jpg",
          "sell_time_start": "1465228800",
          "sell_time_end": "1465833600"
        },
        {
          "product_id": "2215",
          "channel_id": "6",
          "brand_id": "215",
          "p_catalog_id": "59",
          "supplier_type": "1",
          "supplier_code": "1101015",
          "name": "\u3010\u6e38\u9e64\u5de5\u4f5c\u5ba4\u3011\u95f2\u68a6\u6c84\u6c84\u4e0b\u88d9\u523a\u7ee3\u767d\u9e7f\uff08\u77ed\u6b3e\uff09- \u85cf\u9752",
          "cover_price": "110.60",
          "brief": "\u73b0\u8d27 ",
          "figure": "\/1444883979497.jpg",
          "sell_time_start": "1444838400",
          "sell_time_end": "1445443200"
        },
        {
          "product_id": "5914",
          "channel_id": "8",
          "brand_id": "234",
          "p_catalog_id": "88",
          "supplier_type": "2",
          "supplier_code": "2101001",
          "name": "\u3010\u53e4\u602a\u820d\u3011\u539f\u521b\u8bbe\u8ba1 \u767e\u9b3c\u591c\u884c-\u51a5\u5e9c\u9b54\u9053\u548c\u98ce\u77ed\u88e4 \u65e5\u5f0f\u68c9\u9ebb\u9614\u817f\u88e4A70",
          "cover_price": "89.00",
          "brief": "",
          "figure": "\/1462352934101.jpg",
          "sell_time_start": "1460476800",
          "sell_time_end": "1461081600"
        },
        {
          "product_id": "5614",
          "channel_id": "8",
          "brand_id": "234",
          "p_catalog_id": "88",
          "supplier_type": "2",
          "supplier_code": "2101001",
          "name": "\u3010\u53e4\u602a\u820d\u3011\u539f\u521b \u65e5\u672c\u548c\u98ce\u670d\u9970-\u548c\u3002\u6247 \u68c9\u9ebb\u5370\u82b1\u77ed\u88e4 \u5973\u88c5\u9614\u817f\u88e4 A11",
          "cover_price": "78.00",
          "brief": "\u9884\u552e\u622a\u6b62\u52302\u53f7\u53d1\u8d27\u54e6~\r\n\u9884\u552e\u622a\u6b62\u52302\u53f7\u53d1\u8d27\u54e6~\r\n\u9884\u552e\u622a\u6b62\u52302\u53f7\u53d1\u8d27\u54e6~",
          "figure": "\/1459135580746.jpg",
          "sell_time_start": "1459094400",
          "sell_time_end": "1459699200"
        },
        {
          "product_id": "4011",
          "channel_id": "8",
          "brand_id": "234",
          "p_catalog_id": "88",
          "supplier_type": "2",
          "supplier_code": "2101001",
          "name": "\u3010\u53e4\u602a\u820d\u3011\u5b9a\u5236\u6b3e \u6b27\u5f0f\u590d\u53e4\u6b4c\u7279\u98ce\u7cfb\u5e26\u9ad8\u8170\u77ed\u88d9 \u534a\u8eab\u88d9\u5b50 \u4f1e\u88d9 A52",
          "cover_price": "79.00",
          "brief": "",
          "figure": "\/1452653909042.jpg",
          "sell_time_start": "1452614400",
          "sell_time_end": "1453219200"
        }
      ]
    }
  ]
}