{
  "code": 200,
  "msg": "\u8bf7\u6c42\u6210\u529f",
  "result": {
    "page_data": [
      {
        "product_id": "1752",
        "origin_price": "68.00",
        "channel_id": "12",
        "brand_id": "3",
        "p_catalog_id": "73",
        "supplier_type": "1",
        "supplier_code": "0",
        "name": "\u5251\u7f513\u95e8\u6d3e\u884d\u751f\u540c\u4eba\u539f\u521b\u624b\u94fe ",
        "cover_price": "68.00",
        "brief": "",
        "figure": "\/1450754469244.jpg",
        "sell_time_start": "1443024000",
        "sell_time_end": "1443628800"
      },
      {
        "product_id": "6036",
        "origin_price": "29.00",
        "channel_id": "12",
        "brand_id": "77",
        "p_catalog_id": "73",
        "supplier_type": "1",
        "supplier_code": "1101029",
        "name": "\u3010Honest\u9996\u9970\u3011925\u94f6\u6212\u6307 \u7ebf\u6761 \u55b5\u661f\u4eba \u6982\u5ff5\u732b\u8033\u6212\u6307",
        "cover_price": "25.00",
        "brief": "",
        "figure": "\/1461122800918.jpg",
        "sell_time_start": "1461081600",
        "sell_time_end": "1461686400"
      },
      {
        "product_id": "5140",
        "origin_price": "99.00",
        "channel_id": "12",
        "brand_id": "77",
        "p_catalog_id": "73",
        "supplier_type": "1",
        "supplier_code": "1101029",
        "name": "\u3010honest\u9996\u9970\u3011 \u53ef\u7231\u5c0f\u732b\u54aa\u53ef\u8c03\u8282\u82d7\u94f6\u624b\u956f",
        "cover_price": "59.00",
        "brief": "",
        "figure": "\/1457346160863.png",
        "sell_time_start": "1457280000",
        "sell_time_end": "1457884800"
      },
      {
        "product_id": "6321",
        "origin_price": "99.00",
        "channel_id": "12",
        "brand_id": "5",
        "p_catalog_id": "73",
        "supplier_type": "1",
        "supplier_code": "1101029",
        "name": "\u3010Honest\u9996\u9970\u3011\u53ef\u7231\u9e8b\u9e7f\u4e2a\u6027\u540a\u5760 \u94f6\u9879\u94fe",
        "cover_price": "57.00",
        "brief": "\u9884\u552e\u81f38\u670812\u65e5\u5662\uff0c\u5230\u8d27\u540e\u6309\u8ba2\u5355\u53d1\u8d27\u5662",
        "figure": "\/1468471318944.jpg",
        "sell_time_start": "1462723200",
        "sell_time_end": "1463328000"
      },
      {
        "product_id": "5866",
        "origin_price": "22.00",
        "channel_id": "12",
        "brand_id": "72",
        "p_catalog_id": "26",
        "supplier_type": "1",
        "supplier_code": "300011",
        "name": "\u3010\u5b98\u65b9\u6b63\u7248\u3011\u827e\u6f2b \u5168\u804c\u9ad8\u624b\u6a31\u82b1\u624b\u673a\u6302\u4ef6",
        "cover_price": "22.00",
        "brief": "",
        "figure": "\/1460342400795.jpg",
        "sell_time_start": "1460343600",
        "sell_time_end": "1460908800"
      },
      {
        "product_id": "4277",
        "origin_price": "30.00",
        "channel_id": "12",
        "brand_id": "5",
        "p_catalog_id": "73",
        "supplier_type": "1",
        "supplier_code": "1101029",
        "name": "\u3010Honest\u9996\u9970\u3011925\u94f6\u6212\u6307 \u4e18\u6bd4\u7279\u7684\u795d\u798f \u5f00\u53e3\u6307\u73af \u3010\u7231\u795e\u4e4b\u7bad\u3011",
        "cover_price": "29.00",
        "brief": "",
        "figure": "\/1453778675514.jpg",
        "sell_time_start": "1453737600",
        "sell_time_end": "1454342400"
      },
      {
        "product_id": "4279",
        "origin_price": "35.00",
        "channel_id": "12",
        "brand_id": "5",
        "p_catalog_id": "73",
        "supplier_type": "1",
        "supplier_code": "1101029",
        "name": "\u3010Honest\u9996\u9970\u3011925\u94f6\u6212\u6307 \u6e05\u65b0 \u6a44\u6984\u679d \u3010Peace & Love\u3011 ",
        "cover_price": "30.00",
        "brief": "",
        "figure": "\/1453779326000.jpg",
        "sell_time_start": "1453737600",
        "sell_time_end": "1454342400"
      },
      {
        "product_id": "4168",
        "origin_price": "88.00",
        "channel_id": "12",
        "brand_id": "5",
        "p_catalog_id": "73",
        "supplier_type": "1",
        "supplier_code": "1101029",
        "name": "\u3010Honest\u9996\u9970\u3011925\u94f6\u9879\u94fe \u5929\u7136\u8d1d\u58f3 \u82b1\u6735\u9576\u6c34\u94bb\u540a\u5760\u77ed\u6b3e\u9501\u9aa8\u94fe",
        "cover_price": "66.00",
        "brief": "",
        "figure": "\/1476263150347.jpg",
        "sell_time_start": "1453132800",
        "sell_time_end": "1453737600"
      },
      {
        "product_id": "3322",
        "origin_price": "15.00",
        "channel_id": "12",
        "brand_id": "279",
        "p_catalog_id": "73",
        "supplier_type": "1",
        "supplier_code": "300004",
        "name": "[\u79b9\u5c4b\u539f\u521b]\u751c\u751c\u5708 \u732b\u54aa \u6212\u6307 \u6307\u73af",
        "cover_price": "15.00",
        "brief": "\u5185\u5f8418mm   \u5408\u91d1\u6750\u8d28 \n\n\u203b\u7ec6\u8282\u4e0d\u662f\u5f88\u5b8c\u7f8e\u54e6~\u6bd4\u65b9\u8033\u6735\u51f9\u51f8\u7684\u5730\u65b9\u4f1a\u6709\u6a21\u5177\u7684\u51f9\u51f8\u75d5\u8ff9\u7684~\u4ecb\u610f\u614e\u62cd!!",
        "figure": "\/1449477606198.jpg",
        "sell_time_start": "1449417600",
        "sell_time_end": "1450022400"
      },
      {
        "product_id": "963",
        "origin_price": "59.00",
        "channel_id": "12",
        "brand_id": "113",
        "p_catalog_id": "73",
        "supplier_type": "1",
        "supplier_code": "1104001",
        "name": "\u3010\u5e78\u8fd0\u77f3\u3011\u91ce\u826f\u795e\u8033\u9489 \u5146\u5668  \u591c\u6597\u5a01\u5a1c 925\u94f6\u8033\u73af",
        "cover_price": "49.00",
        "brief": "",
        "figure": "\/1458639478017.jpg",
        "sell_time_start": "1440518400",
        "sell_time_end": "1441123200"
      },
      {
        "product_id": "1348",
        "origin_price": "59.00",
        "channel_id": "12",
        "brand_id": "3",
        "p_catalog_id": "73",
        "supplier_type": "1",
        "supplier_code": "1101036",
        "name": "\u3010\u5c0f\u8ff7\u5154\u3011\u5251\u7f513 \u5341\u5927\u95e8\u6d3e \u5929\u7136\u5f69\u77f3\u6c34\u6676 \u624b\u94fe",
        "cover_price": "50.15",
        "brief": "",
        "figure": "\/1441940476267.jpg",
        "sell_time_start": "1478772000",
        "sell_time_end": "1442505600"
      },
      {
        "product_id": "4147",
        "origin_price": "39.00",
        "channel_id": "12",
        "brand_id": "5",
        "p_catalog_id": "73",
        "supplier_type": "1",
        "supplier_code": "1101029",
        "name": "\u3010Honest\u9996\u9970\u3011 925\u94f6 \u83b2\u82b1\u8033\u9489 \u6e05\u65b0\u6c14\u8d28 \u3010\u8377\u8bed\u3011",
        "cover_price": "26.00",
        "brief": "\u4ea7\u54c1\u5c3a\u5bf8\u7ea60.9*0.9cm",
        "figure": "\/1453171909056.jpg",
        "sell_time_start": "1453132800",
        "sell_time_end": "1453737600"
      },
      {
        "product_id": "3813",
        "origin_price": "288.00",
        "channel_id": "12",
        "brand_id": "3",
        "p_catalog_id": "73",
        "supplier_type": "2",
        "supplier_code": "1106001",
        "name": "\u3010\u8d24\u54c1\u3011\u5251\u7f51\u4e09 \u4e94\u6bd2\u5e7d\u9b42 \u7d2b\u6c34\u6676\u9542\u7a7a\u9879\u94fe 925\u94f6\u540a\u5760 \u60c5\u7f18\u793c\u54c1\u7cfb\u5217",
        "cover_price": "244.80",
        "brief": "",
        "figure": "\/supplier\/1477113328497.jpg",
        "sell_time_start": "1478772000",
        "sell_time_end": "1451923200"
      },
      {
        "product_id": "4269",
        "origin_price": "59.00",
        "channel_id": "12",
        "brand_id": "5",
        "p_catalog_id": "73",
        "supplier_type": "1",
        "supplier_code": "1101029",
        "name": "\u3010Honest\u9996\u9970\u3011925\u94f6\u6212\u6307 \u7d27\u7b8d\u5492 \u7b80\u7ea6\u5f00\u53e3\u6212\u6307 \u53ef\u8c03\u8282\u5c3e\u6212",
        "cover_price": "30.00",
        "brief": "",
        "figure": "\/1453774185159.jpg",
        "sell_time_start": "1453737600",
        "sell_time_end": "1454342400"
      },
      {
        "product_id": "4992",
        "origin_price": "189.00",
        "channel_id": "12",
        "brand_id": "334",
        "p_catalog_id": "73",
        "supplier_type": "2",
        "supplier_code": "1902001",
        "name": "\u3010\u5170\u4ead\u522b\u9662\u3011\u4e09\u751f\u6811 \u53e4\u5178\u76d8\u53d1\u5934\u9970\u5251\u4e09\u884d\u751f\u53d1\u7c2a\u5b50\u957f\u6d41\u82cf\u53d1\u9497 ",
        "cover_price": "98.00",
        "brief": "",
        "figure": "\/1456988512335.jpg",
        "sell_time_start": "1456934400",
        "sell_time_end": "1457539200"
      },
      {
        "product_id": "7648",
        "origin_price": "55.00",
        "channel_id": "12",
        "brand_id": "5",
        "p_catalog_id": "73",
        "supplier_type": "1",
        "supplier_code": "1101029",
        "name": "\u3010Honest\u9996\u9970\u3011925\u94f6 \u8d85\u7ec6\u9576\u94bb\u4e94\u89d2\u661f\u624b\u956f ",
        "cover_price": "40.00",
        "brief": "",
        "figure": "\/1467193037655.jpg",
        "sell_time_start": "1467129600",
        "sell_time_end": "1467734400"
      },
      {
        "product_id": "4185",
        "origin_price": "50.50",
        "channel_id": "12",
        "brand_id": "5",
        "p_catalog_id": "73",
        "supplier_type": "1",
        "supplier_code": "1101029",
        "name": "\u3010Honest\u9996\u9970\u3011925\u94f6 \u65b9\u5f62\u6781\u5149\u65b9\u7cd6\u9879\u94fe \u5965\u5730\u5229\u6c34\u6676\u540a\u5760 \u9501\u9aa8\u94fe",
        "cover_price": "49.00",
        "brief": "",
        "figure": "\/1453346076369.jpg",
        "sell_time_start": "1453305600",
        "sell_time_end": "1453910400"
      },
      {
        "product_id": "6094",
        "origin_price": "5.60",
        "channel_id": "12",
        "brand_id": "254",
        "p_catalog_id": "73",
        "supplier_type": "2",
        "supplier_code": "1201001",
        "name": "\u3010\u6f2b\u8e2a\u3011\u76ae\u5361\u4e18\u53d1\u5361\u8f7b\u677e\u718a\u76ae\u7b4b\u8377\u5305\u86cb\u53d1\u5939  \u5934\u9970 \u5934\u7ef3 \u53d1\u9970",
        "cover_price": "2.90",
        "brief": "",
        "figure": "\/1461639184271.jpg",
        "sell_time_start": "1461600000",
        "sell_time_end": "1462204800"
      },
      {
        "product_id": "4721",
        "origin_price": "28.00",
        "channel_id": "12",
        "brand_id": "5",
        "p_catalog_id": "73",
        "supplier_type": "1",
        "supplier_code": "1101029",
        "name": "\u3010Honest\u9996\u9970\u3011\u5c0f\u6e05\u65b0\u94c3\u94db\u9542\u7a7a\u5f00\u53e3\u6212\u6307 \u9632\u8fc7\u654f",
        "cover_price": "23.00",
        "brief": "",
        "figure": "\/1456131046914.png",
        "sell_time_start": "1456070400",
        "sell_time_end": "1456675200"
      },
      {
        "product_id": "4167",
        "origin_price": "18.00",
        "channel_id": "12",
        "brand_id": "5",
        "p_catalog_id": "73",
        "supplier_type": "1",
        "supplier_code": "1101029",
        "name": "\u3010Honest\u9996\u9970\u3011925\u94f6 \u8ff7\u4f60\u78e8\u7802\u5706\u7403 \u5c0f\u8033\u9489 \u8033\u9aa8\u9489\u9632\u8fc7\u654f\u60c5\u4fa3",
        "cover_price": "9.00",
        "brief": "",
        "figure": "\/1453198348922.jpg",
        "sell_time_start": "1453132800",
        "sell_time_end": "1453737600"
      }
    ],
    "catalog_data": false,
    "brand_data": false,
    "is_recommended": "0"
  }
}