{
  "code": 200,
  "msg": "请求成功",
  "result": [
    {
      "p_catalog_id": "3",
      "parent_id": "0",
      "name": "零食",
      "pic": "",
      "is_deleted": "0",
      "child": [
        {
          "p_catalog_id": "10",
          "parent_id": "3",
          "name": "薯片",
          "pic": "/snacks/1-1.jpg",
          "is_deleted": "0"
        },
        {
          "p_catalog_id": "11",
          "parent_id": "3",
          "name": "薯片",
          "pic": "/snacks/1-1.jpg",
          "is_deleted": "0"
        },
        {
          "p_catalog_id": "12",
          "parent_id": "3",
          "name": "薯片",
          "pic": "/snacks/1-1.jpg",
          "is_deleted": "0"
        },
        {
          "p_catalog_id": "91",
          "parent_id": "3",
          "name": "薯片",
          "pic": "/snacks/1-1.jpg",
          "is_deleted": "0"
        }
      ],
      "hot_product_list": [
        {
          "product_id": "2704",
          "channel_id": "6",
          "brand_id": "230",
          "p_catalog_id": "3",
          "supplier_type": "1",
          "supplier_code": "0",
          "name": "自然火锅",
          "cover_price": "30.00",
          "brief": "",
          "figure": "/snacks/1.jpg",
          "details": "/details/AppleMacBookPro.png",	
          "sell_time_start": "1447171200",
          "sell_time_end": "1447776000"
        },
        {
          "product_id": "3571",
          "channel_id": "8",
          "brand_id": "259",
          "p_catalog_id": "12",
          "supplier_type": "2",
          "supplier_code": "1801005",
          "name": "自然火锅",
          "cover_price": "287.00",
          "brief": "",
          "figure": "/snacks/1.jpg",
          "details": "/details/AppleMacBookPro.png",	
          "sell_time_start": "1450368000",
          "sell_time_end": "1450972800"
        },
        {
          "product_id": "589",
          "channel_id": "8",
          "brand_id": "266",
          "p_catalog_id": "12",
          "supplier_type": "2",
          "supplier_code": "1801001",
          "name": "自然火锅",
          "cover_price": "403.04",
          "brief": "45\u5929\u5de5\u671f",
          "figure": "/snacks/1.jpg",
          "details": "/details/AppleMacBookPro.png",	
          "sell_time_start": "1478772000",
          "sell_time_end": "1439308800"
        },
        {
          "product_id": "5970",
          "channel_id": "8",
          "brand_id": "356",
          "p_catalog_id": "91",
          "supplier_type": "2",
          "supplier_code": "1101004",
          "name": "自然火锅",
          "cover_price": "121.44",
          "brief": "商品描述",
          "figure": "/snacks/1.jpg",
          "details": "/details/AppleMacBookPro.png",	
          "sell_time_start": "1478772000",
          "sell_time_end": "1461254400"
        },
        {
          "product_id": "5181",
          "channel_id": "6",
          "brand_id": "394",
          "p_catalog_id": "10",
          "supplier_type": "2",
          "supplier_code": "1101037",
          "name": "自然火锅",
          "cover_price": "250.00",
          "brief": "",
          "figure": "/snacks/1.jpg",
          "details": "/details/AppleMacBookPro.png",	
          "sell_time_start": "1457452800",
          "sell_time_end": "1458057600"
        },
        {
          "product_id": "7729",
          "channel_id": "8",
          "brand_id": "432",
          "p_catalog_id": "91",
          "supplier_type": "2",
          "supplier_code": "1601008",
          "name": "自然火锅",
          "cover_price": "179.00",
          "brief": "",
          "figure": "/snacks/1.jpg",
          "details": "/details/AppleMacBookPro.png",	
          "sell_time_start": "0",
          "sell_time_end": "0"
        }
      ]
    }
  ]
}