{
  "code": 200,
  "msg": "\u8bf7\u6c42\u6210\u529f",
  "result": {
    "page_data": [
      {
        "product_id": "10557",
        "origin_price": "0.00",
        "channel_id": "9",
        "brand_id": "5",
        "p_catalog_id": "93",
        "supplier_type": "2",
        "supplier_code": "3300001",
        "name": "\u3010\u7535\u5b50\u7968\u3011\u3010\u5e1d\u90fd\u3011IDO 20 \u52a8\u6f2b\u6e38\u620f\u5609\u5e74\u534e",
        "cover_price": "50.00",
        "brief": "",
        "figure": "\/1478596679261.jpg",
        "sell_time_start": "1478596281",
        "sell_time_end": "1479139200"
      },
      {
        "product_id": "7583",
        "origin_price": "280.00",
        "channel_id": "9",
        "brand_id": "51",
        "p_catalog_id": "93",
        "supplier_type": "1",
        "supplier_code": "0",
        "name": "Live Spectacle\u300aNARUTO-\u706b\u5f71\u5fcd\u8005-\u300bWorld Tour\u4e2d\u56fd\u5de1\u6f14\u2014\u5e7f\u5dde\u7ad9-16-12-10--13:30",
        "cover_price": "280.00",
        "brief": "",
        "figure": "\/1466996276064.jpg",
        "sell_time_start": "1466956800",
        "sell_time_end": "1467561600"
      },
      {
        "product_id": "7584",
        "origin_price": "280.00",
        "channel_id": "9",
        "brand_id": "51",
        "p_catalog_id": "93",
        "supplier_type": "1",
        "supplier_code": "0",
        "name": "Live Spectacle\u300aNARUTO-\u706b\u5f71\u5fcd\u8005-\u300bWorld Tour\u4e2d\u56fd\u5de1\u6f14\u2014\u5e7f\u5dde\u7ad9-16-12-10--19:30",
        "cover_price": "280.00",
        "brief": "",
        "figure": "\/1466996492134.jpg",
        "sell_time_start": "1466956800",
        "sell_time_end": "1467561600"
      },
      {
        "product_id": "7585",
        "origin_price": "280.00",
        "channel_id": "9",
        "brand_id": "51",
        "p_catalog_id": "93",
        "supplier_type": "1",
        "supplier_code": "0",
        "name": "Live Spectacle\u300aNARUTO-\u706b\u5f71\u5fcd\u8005-\u300bWorld Tour\u4e2d\u56fd\u5de1\u6f14\u2014\u5e7f\u5dde\u7ad9-16-12-11--13:30",
        "cover_price": "280.00",
        "brief": "",
        "figure": "\/1466996935443.jpg",
        "sell_time_start": "1466956800",
        "sell_time_end": "1467561600"
      },
      {
        "product_id": "8888",
        "origin_price": "50.00",
        "channel_id": "9",
        "brand_id": "5",
        "p_catalog_id": "93",
        "supplier_type": "2",
        "supplier_code": "3300001",
        "name": "\u3010\u7535\u5b50\u7968\u3011I DO 18\u4e2d\u56fd\uff08\u5317\u4eac\uff09\u52a8\u6f2b\u6e38\u620f\u5609\u5e74\u534e\u6f2b\u5c55\u95e8\u7968",
        "cover_price": "50.00",
        "brief": "",
        "figure": "\/1472437083583.jpg",
        "sell_time_start": "1471881600",
        "sell_time_end": "1472486400"
      },
      {
        "product_id": "7586",
        "origin_price": "280.00",
        "channel_id": "9",
        "brand_id": "51",
        "p_catalog_id": "93",
        "supplier_type": "1",
        "supplier_code": "0",
        "name": "Live Spectacle\u300aNARUTO-\u706b\u5f71\u5fcd\u8005-\u300bWorld Tour\u4e2d\u56fd\u5de1\u6f14\u2014\u5e7f\u5dde\u7ad9-16-12-11--19:30",
        "cover_price": "280.00",
        "brief": "",
        "figure": "\/1466997050407.jpg",
        "sell_time_start": "1466956800",
        "sell_time_end": "1467561600"
      },
      {
        "product_id": "7582",
        "origin_price": "280.00",
        "channel_id": "9",
        "brand_id": "51",
        "p_catalog_id": "93",
        "supplier_type": "1",
        "supplier_code": "0",
        "name": "Live Spectacle\u300aNARUTO-\u706b\u5f71\u5fcd\u8005-\u300bWorld Tour\u4e2d\u56fd\u5de1\u6f14\u2014\u5e7f\u5dde\u7ad9-16-12-09--19:30",
        "cover_price": "280.00",
        "brief": "",
        "figure": "\/1466995768005.jpg",
        "sell_time_start": "1466956800",
        "sell_time_end": "1467561600"
      },
      {
        "product_id": "7503",
        "origin_price": "35.00",
        "channel_id": "9",
        "brand_id": "5",
        "p_catalog_id": "93",
        "supplier_type": "2",
        "supplier_code": "3300001",
        "name": "\u3010\u7535\u5b50\u7968\u3011\u7b2c\u4e8c\u5c4a\u5929\u6d25\u5927\u80fd\u732b\u52a8\u6f2b\u8282",
        "cover_price": "35.00",
        "brief": "",
        "figure": "\/1466664921153.jpg",
        "sell_time_start": "1466611200",
        "sell_time_end": "1467216000"
      },
      {
        "product_id": "10023",
        "origin_price": "50.00",
        "channel_id": "9",
        "brand_id": "5",
        "p_catalog_id": "93",
        "supplier_type": "2",
        "supplier_code": "3300001",
        "name": "\u3010\u7535\u5b50\u7968\u3011\u5317\u4eac\u00b7\u56e7\u795e19\u5723\u8bde\u8db4\uff0112\/24~25\u548c\u4f60\u4e00\u9f50\u55e8\u76ae\uff01",
        "cover_price": "50.00",
        "brief": "",
        "figure": "\/1476943798642.jpg",
        "sell_time_start": "1476892800",
        "sell_time_end": "1477497600"
      },
      {
        "product_id": "10059",
        "origin_price": "35.00",
        "channel_id": "9",
        "brand_id": "5",
        "p_catalog_id": "93",
        "supplier_type": "2",
        "supplier_code": "3300001",
        "name": "\u3010\u7535\u5b50\u7968\u3011\u3010\u5996\u90fd\u3011\u9752\u5bab\u52a8\u6f2b\u5609\u5e74\u534eComic member04",
        "cover_price": "35.00",
        "brief": "",
        "figure": "\/1478760430805.jpg",
        "sell_time_start": "1476979200",
        "sell_time_end": "1477584000"
      },
      {
        "product_id": "9845",
        "origin_price": "45.00",
        "channel_id": "9",
        "brand_id": "5",
        "p_catalog_id": "93",
        "supplier_type": "2",
        "supplier_code": "3300001",
        "name": "\u3010CA14\u3011\u6b66\u6c49ComiAi\u52a8\u6f2b\u6e38\u620f\u540c\u4eba\u535a\u89c8\u4f1a14  \u7535\u5b50\u7968",
        "cover_price": "45.00",
        "brief": "",
        "figure": "\/1476414516806.jpg",
        "sell_time_start": "1476374400",
        "sell_time_end": "1476979200"
      }
    ],
    "catalog_data": false,
    "brand_data": false,
    "is_recommended": "0"
  }
}