{
  "code": 200,
  "msg": "\u8bf7\u6c42\u6210\u529f",
  "result": {
    "page_data": [
      {
        "product_id": "3207",
        "channel_id": "3",
        "brand_id": "5",
        "p_catalog_id": "52",
        "name": "\u3010\u5b87\u5b99\u7535\u6ce2\u3011\u67f4\u72ac \u72d7\u72d7 \u5409\u7965\u7269 \u65e5\u7cfb \u840c\u7269 \u79cb\u51ac \u957f\u8896\u536b\u8863",
        "cover_price": "119.00",
        "origin_price": "119.00",
        "brief": "",
        "figure": "\/1449132876265.jpg"
      },
      {
        "product_id": "3200",
        "channel_id": "3",
        "brand_id": "180",
        "p_catalog_id": "22",
        "name": "\u3010\u5b87\u5b99\u7535\u6ce2\u3011\u5e72\u7269\u59b9\uff01\u5c0f\u57cb \u79cb\u51ac \u6696\u624b\u6342 \u5750\u57ab ",
        "cover_price": "39.00",
        "origin_price": "39.00",
        "brief": "",
        "figure": "\/1449112576927.jpg"
      },
      {
        "product_id": "3365",
        "channel_id": "3",
        "brand_id": "248",
        "p_catalog_id": "52",
        "name": "\u3010\u5b87\u5b99\u7535\u6ce2\u3011\u65e5\u672c\u8d85\u840c\u7269 \u61d2\u86cb\u86cb \u65b0\u83dc\u9505\u5b50 \u840c\u840c\u54d2 \u957f\u8896\u536b\u8863",
        "cover_price": "119.00",
        "origin_price": "119.00",
        "brief": "",
        "figure": "\/1449646448428.jpg"
      },
      {
        "product_id": "3202",
        "channel_id": "3",
        "brand_id": "43",
        "p_catalog_id": "52",
        "name": "\u3010\u5b87\u5b99\u7535\u6ce2\u3011\u9b54\u6cd5\u5c11\u5973\u5c0f\u5706 \u9a6c\u7334\u70e7\u9152 \u957f\u8896\u536b\u8863",
        "cover_price": "119.00",
        "origin_price": "119.00",
        "brief": "",
        "figure": "\/1449115118137.jpg"
      },
      {
        "product_id": "3203",
        "channel_id": "8",
        "brand_id": "5",
        "p_catalog_id": "84",
        "name": "\u3010\u5b87\u5b99\u7535\u6ce2\u3011\u5c0f\u6d77\u8c79 \u53ef\u7231 \u840c \u8f6f\u59b9 \u52a8\u7269 \u79cb\u51ac \u889c\u5b50 \u6bdb\u5dfe\u5ba4\u5185\u889c\u52a0\u539a",
        "cover_price": "17.00",
        "origin_price": "17.00",
        "brief": "",
        "figure": "\/1449129265217.jpg"
      },
      {
        "product_id": "3206",
        "channel_id": "3",
        "brand_id": "5",
        "p_catalog_id": "52",
        "name": "\u3010\u5b87\u5b99\u7535\u6ce2\u3011\u6c61 \u65e5\u7cfb \u6587\u5b57 \u79cb\u51ac \u5b85 \u957f\u8896\u536b\u8863 \u7537\u5973\u540c\u6b3e",
        "cover_price": "119.00",
        "origin_price": "119.00",
        "brief": "",
        "figure": "\/1449132057078.jpg"
      },
      {
        "product_id": "3362",
        "channel_id": "3",
        "brand_id": "5",
        "p_catalog_id": "52",
        "name": "\u3010\u5b87\u5b99\u7535\u6ce2\u3011\u9738\u9053\u603b\u88c1\u732b \u9152\u676f \u840c\u52a8\u7269 \u79cb\u51ac \u957f\u6b3e\u536b\u8863",
        "cover_price": "119.00",
        "origin_price": "119.00",
        "brief": "",
        "figure": "\/1449646208249.jpg"
      }
    ],
    "catalog_data": false,
    "brand_data": false,
    "is_recommended": "0"
  }
}