{
  "code": 200,
  "msg": "\u8bf7\u6c42\u6210\u529f",
  "result": {
    "page_data": [
      {
        "product_id": "3212",
        "channel_id": "4",
        "brand_id": "3",
        "p_catalog_id": "90",
        "name": "[\u781a\u6c60\u5de5\u4f5c\u5ba4] \u5251\u7f513 \u5251\u4e09\u5468\u8fb9\u95e8\u6d3e\u539f\u521b\u8bbe\u8ba1\u53ef\u8c03\u5149\u5145\u7535\u53f0\u706f\u3010\u4e4c\u591c\u557c\u3011",
        "cover_price": "202.40",
        "origin_price": "230.00",
        "brief": "\u6b64\u4e3a\u4e0b\u5355\u5b9a\u5236\u3002\u5de5\u671f7-10\u5929\u3002\u7531\u781a\u6c60\u53d1\u8d27\u3002\u975e\u8d28\u91cf\u95ee\u9898\u4e0b\u5355\u4e0d\u4f5c\u9000\u6362\u3002",
        "figure": "\/1474971558864.jpg"
      },
      {
        "product_id": "6263",
        "channel_id": "8",
        "brand_id": "234",
        "p_catalog_id": "56",
        "name": "\u3010\u53e4\u602a\u820d\u3011\u539f\u521b\u8bbe\u8ba1 \u6076\u7075\u9000\u6563\u7eaf\u68c9\u4e03\u5206\u8896T\u6064 \u79cb\u5b63\u65e5\u7cfb\u539f\u5bbf\u7537\u5973\u88c5A21",
        "cover_price": "63.00",
        "origin_price": "72.00",
        "brief": "",
        "figure": "\/1464245798979.jpg"
      },
      {
        "product_id": "5914",
        "channel_id": "8",
        "brand_id": "234",
        "p_catalog_id": "88",
        "name": "\u3010\u53e4\u602a\u820d\u3011\u539f\u521b\u8bbe\u8ba1 \u767e\u9b3c\u591c\u884c-\u51a5\u5e9c\u9b54\u9053\u548c\u98ce\u77ed\u88e4 \u65e5\u5f0f\u68c9\u9ebb\u9614\u817f\u88e4A70",
        "cover_price": "89.00",
        "origin_price": "89.00",
        "brief": "",
        "figure": "\/1462352934101.jpg"
      },
      {
        "product_id": "1317",
        "channel_id": "8",
        "brand_id": "178",
        "p_catalog_id": "76",
        "name": "\u539f\u521b\u8bbe\u8ba1ISOS\u68ee\u7cfb\u590d\u53e4\u5355\u80a9\u5305\u7ee3\u82b1\u5c0f\u9e1f\u751c\u7f8e\u659c\u8de8\u5c0f\u5305",
        "cover_price": "98.00",
        "origin_price": "98.00",
        "brief": "<br \/><a href=\"\/pic\/45641720896.html?spm=a261y.7663282.1998411378.1.JSWKgH\"><\/a>",
        "figure": "\/1441702026328.jpg"
      },
      {
        "product_id": "8161",
        "channel_id": "6",
        "brand_id": "234",
        "p_catalog_id": "109",
        "name": "\u3010\u53e4\u602a\u820d\u3011\u539f\u521b\u8bbe\u8ba1 \u9e64\u7cfb\u5217-\u96ea\u7eba\u9632\u6652\u670d \u4e2d\u56fd\u98ce\u5916\u5957\u5f00\u886b A86",
        "cover_price": "101.00",
        "origin_price": "115.00",
        "brief": "",
        "figure": "\/1469003481664.jpg"
      },
      {
        "product_id": "8535",
        "channel_id": "8",
        "brand_id": "266",
        "p_catalog_id": "12",
        "name": "\u3010Neverland\u3011 soufflesong\u72ec\u5bb6\u8bbe\u8ba1\u3010\u661f\u8bed\u661f\u613f\u3011lolita\u70eb\u91d1\u8fde\u8863\u88d9jsk",
        "cover_price": "425.00",
        "origin_price": "425.00",
        "brief": "\u6ca1\u6709\u73b0\u8d27\uff0c\u5236\u4f5c\u5de5\u671f\u7ea645\u5929\u5de6\u53f3\uff0c\u5b8c\u5de5\u540e\u5b89\u6392\u53d1\u8d27\u3002",
        "figure": "\/1470042288668.jpg"
      },
      {
        "product_id": "6031",
        "channel_id": "4",
        "brand_id": "3",
        "p_catalog_id": "90",
        "name": "[\u781a\u6c60\u5de5\u4f5c\u5ba4]  \u5251\u7f513 \u5468\u8fb9\u539f\u521b\u8bbe\u8ba1 \u95e8\u6d3e\u6821\u670d\u884d\u751f\u5ba0\u7269\u670d\u3010\u72f8\u5974\u3011",
        "cover_price": "83.60",
        "origin_price": "95.00",
        "brief": "\u5236\u4f5c\u5de5\u671f\u970015\u5929\uff0c\u5236\u4f5c\u5b8c\u6210\u540e\u53d1\u8d27~~",
        "figure": "\/1461121218550.jpg"
      },
      {
        "product_id": "8322",
        "channel_id": "8",
        "brand_id": "266",
        "p_catalog_id": "12",
        "name": "\u3010Neverland\u3011 soufflesong\u72ec\u5bb6\u8bbe\u8ba1\u3010\u5f69\u8272\u7ae5\u8bdd\u3011\u77ed\u8896\u5f00\u895f\u96ea\u7eba\u8fde\u8863\u88d9op",
        "cover_price": "338.00",
        "origin_price": "338.00",
        "brief": "\u6ca1\u6709\u73b0\u8d27\uff0c\u5236\u4f5c\u5de5\u671f\u7ea645\u5929\uff0c\u5b8c\u5de5\u540e\u5b89\u6392\u53d1\u8d27\u3002\r\n\u6b64\u5546\u54c1\u4e0d\u63a5\u53d7\u5b9a\u5236\uff01\uff01",
        "figure": "\/1469298089392.jpg"
      },
      {
        "product_id": "2864",
        "channel_id": "8",
        "brand_id": "266",
        "p_catalog_id": "68",
        "name": "\u3010Neverland\u3011soufflesong\u72ec\u5bb6\u8bbe\u8ba1 Lolita \u831c\u7279\u83c8\u5b66\u9662 \u5916\u5957",
        "cover_price": "243.20",
        "origin_price": "304.00",
        "brief": "",
        "figure": "\/1454039978653.jpg"
      },
      {
        "product_id": "6262",
        "channel_id": "8",
        "brand_id": "234",
        "p_catalog_id": "56",
        "name": "\u3010\u53e4\u602a\u820d\u3011\u539f\u521b\u8bbe\u8ba1 \u5927\u5723-\u65a9\u5996\u9664\u9b54\u7eaf\u68c9\u77ed\u8896T\u6064 \u4e2d\u56fd\u98ce\u7537\u5973\u60c5\u4fa3\u88c5A9",
        "cover_price": "69.00",
        "origin_price": "74.00",
        "brief": "",
        "figure": "\/1464245832989.jpg"
      },
      {
        "product_id": "1752",
        "channel_id": "12",
        "brand_id": "3",
        "p_catalog_id": "73",
        "name": "\u5251\u7f513\u95e8\u6d3e\u884d\u751f\u540c\u4eba\u539f\u521b\u624b\u94fe ",
        "cover_price": "68.00",
        "origin_price": "68.00",
        "brief": "",
        "figure": "\/1450754469244.jpg"
      },
      {
        "product_id": "3269",
        "channel_id": "4",
        "brand_id": "3",
        "p_catalog_id": "90",
        "name": "[\u781a\u6c60\u5de5\u4f5c\u5ba4]\u5251\u4e09\u5468\u8fb9\u95e8\u6d3e\u53e4\u98ce\u539f\u521b\u72ec\u5bb6\u624b\u5de5\u5b9a\u5236\u53d1\u5149\u5c0f\u591c\u706f",
        "cover_price": "68.00",
        "origin_price": "68.00",
        "brief": "\u4e0d\u5305\u542b\u63d0\u624b~\u4e0d\u5305\u542b\u63d0\u624b~\u4e0d\u5305\u542b\u63d0\u624b~OVO \u91cd\u8981\u7684si\u60c5\u55e6\u4e09\u904d~~~ \u5de5\u671f\u4e3a5-10\u4e2a\u5de5\u4f5c\u65e5~\r\n",
        "figure": "\/1449219464141.jpg"
      },
      {
        "product_id": "4947",
        "channel_id": "8",
        "brand_id": "5",
        "p_catalog_id": "71",
        "name": "\u3010USEE\u54df\u559c\u3011 \u539f\u521b\u7eb9\u8eab\u8d34\u9632\u6c34 \u9ed1\u767d\u5f69\u8272\u6301\u4e45\u7537\u5973\u68ee\u5973\u8774\u8776\u9e7f \u7279\u60e0\u5957\u88c5",
        "cover_price": "22.00",
        "origin_price": "22.00",
        "brief": "",
        "figure": "\/1467361365770.jpg"
      },
      {
        "product_id": "3209",
        "channel_id": "4",
        "brand_id": "3",
        "p_catalog_id": "26",
        "name": "[\u781a\u6c60\u5de5\u4f5c\u5ba4] \u5251\u7f513 \u5251\u4e09\u5468\u8fb9\u95e8\u6d3e\u53e4\u98ce\u539f\u521b\u72ec\u5bb6\u624b\u5de5\u5b9a\u5236\u793c\u7269\u6728\u8d28\u5361\u5957",
        "cover_price": "26.40",
        "origin_price": "30.00",
        "brief": "",
        "figure": "\/1449134007474.jpg"
      },
      {
        "product_id": "6969",
        "channel_id": "8",
        "brand_id": "403",
        "p_catalog_id": "29",
        "name": "\u3010\u6d89\u5ddd\u539f\u521b\u3011\u5468\u8fb9\u5c0f\u7269 \u624b\u611f\u8d85\u597d\u8d85\u840c\u7684\u5154\u6bdb\u5c0f\u5154\u7eb8\u5305\u6302\/\u6bdb\u7ed2\u73a9\u5076",
        "cover_price": "68.00",
        "origin_price": "68.00",
        "brief": "\u5154\u5154\u521a\u5230\u624b\u4f1a\u6709\u6d6e\u6bdb\uff0c\u591a\u62cd\u62cd\u6296\u6296\u5439\u5439\u63c9\u63c9\u5c31\u597d\u5566(",
        "figure": "\/1465620442251.jpg"
      },
      {
        "product_id": "4628",
        "channel_id": "8",
        "brand_id": "5",
        "p_catalog_id": "56",
        "name": "\u3010\u6f2b\u8e2a\u3011 \u539f\u521b\u53ef\u7231\u840c\u732b\u54aa\u5927\u4eba \u7acb\u4f53\u732b\u5c3eT\u6064 \u857e\u4e1d\u82b1\u8fb9\u5973",
        "cover_price": "79.00",
        "origin_price": "142.00",
        "brief": "",
        "figure": "\/1461571069605.jpg"
      },
      {
        "product_id": "589",
        "channel_id": "8",
        "brand_id": "266",
        "p_catalog_id": "12",
        "name": "\u5b9a\u5236\u3010Neverland \u539f\u521b\u3011\u76f4\u53d1 \u70eb\u91d1lolita \u4eba\u9c7c\u4e4b\u6b4c \u9ad8\u8170JSK\u8fde\u8863\u88d9",
        "cover_price": "403.04",
        "origin_price": "458.00",
        "brief": "45\u5929\u5de5\u671f",
        "figure": "\/1438772068067.jpg"
      },
      {
        "product_id": "3212",
        "channel_id": "4",
        "brand_id": "3",
        "p_catalog_id": "90",
        "name": "[\u781a\u6c60\u5de5\u4f5c\u5ba4] \u5251\u7f513 \u5251\u4e09\u5468\u8fb9\u95e8\u6d3e\u539f\u521b\u8bbe\u8ba1\u53ef\u8c03\u5149\u5145\u7535\u53f0\u706f\u3010\u4e4c\u591c\u557c\u3011",
        "cover_price": "202.40",
        "origin_price": "230.00",
        "brief": "\u6b64\u4e3a\u4e0b\u5355\u5b9a\u5236\u3002\u5de5\u671f7-10\u5929\u3002\u7531\u781a\u6c60\u53d1\u8d27\u3002\u975e\u8d28\u91cf\u95ee\u9898\u4e0b\u5355\u4e0d\u4f5c\u9000\u6362\u3002",
        "figure": "\/1474971558864.jpg"
      },
      {
        "product_id": "6981",
        "channel_id": "8",
        "brand_id": "5",
        "p_catalog_id": "84",
        "name": "\u3010\u539f\u521b\u77ed\u889c\u3011\u8f6f\u59b9\u5973\u889c \u539f\u521b \u523a\u7ee3\u889c\u5b50 \u767e\u642d \u5c11\u5973\u5fc3 jk\u65e5\u5e38",
        "cover_price": "6.90",
        "origin_price": "6.90",
        "brief": "",
        "figure": "\/1465959861797.jpg"
      },
      {
        "product_id": "5",
        "channel_id": "4",
        "brand_id": "3",
        "p_catalog_id": "26",
        "name": "\u3010\u884d\u751f\u539f\u521b\u3011\u5251\u4fa0\u60c5\u7f18\u53c1 \u5251\u7f513 \u5251\u4e09\u62a4\u8eab\u7b26\u9999\u5305 \u6302\u4ef6 \u5fa1\u5b88",
        "cover_price": "13.00",
        "origin_price": "13.00",
        "brief": "\u51fa\u54c1\uff1a\u55b5\u53fd\u53fd\u53fd\u5927\u8054\u840c",
        "figure": "\/1429840421737.jpg"
      }
    ],
    "catalog_data": false,
    "brand_data": false,
    "is_recommended": "1"
  }
}