{
  "code": 200,
  "msg": "\u8bf7\u6c42\u6210\u529f",
  "result": {
    "page_data": [
      {
        "product_id": "2215",
        "channel_id": "6",
        "brand_id": "215",
        "p_catalog_id": "59",
        "name": "\u3010\u6e38\u9e64\u5de5\u4f5c\u5ba4\u3011\u95f2\u68a6\u6c84\u6c84\u4e0b\u88d9\u523a\u7ee3\u767d\u9e7f\uff08\u77ed\u6b3e\uff09- \u85cf\u9752",
        "cover_price": "110.60",
        "origin_price": "158.00",
        "brief": "\u73b0\u8d27 ",
        "figure": "\/1444883979497.jpg"
      },
      {
        "product_id": "3269",
        "channel_id": "4",
        "brand_id": "3",
        "p_catalog_id": "90",
        "name": "[\u781a\u6c60\u5de5\u4f5c\u5ba4]\u5251\u4e09\u5468\u8fb9\u95e8\u6d3e\u53e4\u98ce\u539f\u521b\u72ec\u5bb6\u624b\u5de5\u5b9a\u5236\u53d1\u5149\u5c0f\u591c\u706f",
        "cover_price": "68.00",
        "origin_price": "68.00",
        "brief": "\u4e0d\u5305\u542b\u63d0\u624b~\u4e0d\u5305\u542b\u63d0\u624b~\u4e0d\u5305\u542b\u63d0\u624b~OVO \u91cd\u8981\u7684si\u60c5\u55e6\u4e09\u904d~~~ \u5de5\u671f\u4e3a5-10\u4e2a\u5de5\u4f5c\u65e5~\r\n",
        "figure": "\/1449219464141.jpg"
      },
      {
        "product_id": "3209",
        "channel_id": "4",
        "brand_id": "3",
        "p_catalog_id": "26",
        "name": "[\u781a\u6c60\u5de5\u4f5c\u5ba4] \u5251\u7f513 \u5251\u4e09\u5468\u8fb9\u95e8\u6d3e\u53e4\u98ce\u539f\u521b\u72ec\u5bb6\u624b\u5de5\u5b9a\u5236\u793c\u7269\u6728\u8d28\u5361\u5957",
        "cover_price": "26.40",
        "origin_price": "30.00",
        "brief": "",
        "figure": "\/1449134007474.jpg"
      },
      {
        "product_id": "3212",
        "channel_id": "4",
        "brand_id": "3",
        "p_catalog_id": "90",
        "name": "[\u781a\u6c60\u5de5\u4f5c\u5ba4] \u5251\u7f513 \u5251\u4e09\u5468\u8fb9\u95e8\u6d3e\u539f\u521b\u8bbe\u8ba1\u53ef\u8c03\u5149\u5145\u7535\u53f0\u706f\u3010\u4e4c\u591c\u557c\u3011",
        "cover_price": "202.40",
        "origin_price": "230.00",
        "brief": "\u6b64\u4e3a\u4e0b\u5355\u5b9a\u5236\u3002\u5de5\u671f7-10\u5929\u3002\u7531\u781a\u6c60\u53d1\u8d27\u3002\u975e\u8d28\u91cf\u95ee\u9898\u4e0b\u5355\u4e0d\u4f5c\u9000\u6362\u3002",
        "figure": "\/1474971558864.jpg"
      },
      {
        "product_id": "3211",
        "channel_id": "4",
        "brand_id": "3",
        "p_catalog_id": "26",
        "name": "[\u781a\u6c60\u5de5\u4f5c\u5ba4] \u5251\u7f513 \u5251\u4e09\u5468\u8fb9\u95e8\u6d3e\u53e4\u98ce\u539f\u521b\u72ec\u5bb6\u793c\u7269 \u95e8\u6d3e\u884d\u751f\u91d1\u5c5e\u4e66\u7b7e",
        "cover_price": "13.20",
        "origin_price": "15.00",
        "brief": "",
        "figure": "\/1449137495482.jpg"
      },
      {
        "product_id": "5774",
        "channel_id": "4",
        "brand_id": "3",
        "p_catalog_id": "90",
        "name": "[\u781a\u6c60\u5de5\u4f5c\u5ba4]  \u5251\u7f513 \u5251\u4e09\u5468\u8fb9\u95e8\u6d3e\u53e4\u98ce\u539f\u521b\u72ec\u5bb6\u5b9a\u5236\u793c\u7269\u50a8\u84c4\u7f50\u6536\u7eb3\u76d2",
        "cover_price": "80.96",
        "origin_price": "92.00",
        "brief": "",
        "figure": "\/supplier\/1478517808928.jpg"
      },
      {
        "product_id": "3522",
        "channel_id": "8",
        "brand_id": "5",
        "p_catalog_id": "52",
        "name": "\u3010\u6e38\u9e64\u5de5\u4f5c\u5ba4\u3011\u767e\u642d\u767d\u886c\u886b lo\u88c5\u767e\u642d \u65e5\u5e38\u767e\u642d",
        "cover_price": "168.00",
        "origin_price": "188.00",
        "brief": "",
        "figure": "\/1450092601010.jpg"
      },
      {
        "product_id": "8120",
        "channel_id": "4",
        "brand_id": "274",
        "p_catalog_id": "41",
        "name": "\u3010\u781a\u6c60\u5de5\u4f5c\u5ba4\u3011\u5251\u7f51\u4e09 \u52513\u540c\u4eba\u5168\u95e8\u6d3e\u884d\u751flogo\u5468\u8fb9 \u91d1\u5c5e\u624b\u673a\u8d34\u3010\u94f6\u8272\u3011",
        "cover_price": "30.00",
        "origin_price": "30.00",
        "brief": "",
        "figure": "\/1468840600394.jpg"
      },
      {
        "product_id": "4632",
        "channel_id": "6",
        "brand_id": "3",
        "p_catalog_id": "90",
        "name": "[\u781a\u6c60\u5de5\u4f5c\u5ba4]  \u5251\u7f513 \u5251\u4e09\u5468\u8fb9\u95e8\u6d3e\u53e4\u98ce\u539f\u521b\u72ec\u5bb6\u5b9a\u5236\u793c\u7269 \u968f\u8eab\u955c\u5316\u5986\u955c\u3010\u4eff\u94dc\u6b3e\u3011",
        "cover_price": "33.44",
        "origin_price": "38.00",
        "brief": "",
        "figure": "\/1455763241297.jpg"
      },
      {
        "product_id": "6031",
        "channel_id": "4",
        "brand_id": "3",
        "p_catalog_id": "90",
        "name": "[\u781a\u6c60\u5de5\u4f5c\u5ba4]  \u5251\u7f513 \u5468\u8fb9\u539f\u521b\u8bbe\u8ba1 \u95e8\u6d3e\u6821\u670d\u884d\u751f\u5ba0\u7269\u670d\u3010\u72f8\u5974\u3011",
        "cover_price": "83.60",
        "origin_price": "95.00",
        "brief": "\u5236\u4f5c\u5de5\u671f\u970015\u5929\uff0c\u5236\u4f5c\u5b8c\u6210\u540e\u53d1\u8d27~~",
        "figure": "\/1461121218550.jpg"
      }
    ],
    "catalog_data": false,
    "brand_data": false,
    "is_recommended": "1"
  }
}