{
  "code": 200,
  "msg": "\u8bf7\u6c42\u6210\u529f",
  "result": {
    "page_data": [
      {
        "product_id": "2879",
        "channel_id": "8",
        "brand_id": "178",
        "p_catalog_id": "76",
        "name": "ISOS\u539f\u521b\u68ee\u7cfb\u751c\u7f8e\u5370\u82b1\u5355\u80a9\u659c\u630e\u5305\u5c0f\u65b9\u5305",
        "cover_price": "59.00",
        "origin_price": "59.00",
        "brief": "",
        "figure": "\/1447903575122.jpg"
      },
      {
        "product_id": "1317",
        "channel_id": "8",
        "brand_id": "178",
        "p_catalog_id": "76",
        "name": "\u539f\u521b\u8bbe\u8ba1ISOS\u68ee\u7cfb\u590d\u53e4\u5355\u80a9\u5305\u7ee3\u82b1\u5c0f\u9e1f\u751c\u7f8e\u659c\u8de8\u5c0f\u5305",
        "cover_price": "98.00",
        "origin_price": "98.00",
        "brief": "<br \/><a href=\"\/pic\/45641720896.html?spm=a261y.7663282.1998411378.1.JSWKgH\"><\/a>",
        "figure": "\/1441702026328.jpg"
      },
      {
        "product_id": "2835",
        "channel_id": "8",
        "brand_id": "178",
        "p_catalog_id": "76",
        "name": "ISOS\u539f\u521bvintage\u523a\u7ee3\u5355\u80a9\u5305\u624b\u63d0\u659c\u8de8\u5305",
        "cover_price": "118.00",
        "origin_price": "118.00",
        "brief": "",
        "figure": "\/1447741774568.jpg"
      },
      {
        "product_id": "4560",
        "channel_id": "8",
        "brand_id": "178",
        "p_catalog_id": "82",
        "name": "\u3010ISOS\u3011 \u68ee\u7cfb\u53ef\u7231 \u590d\u53e4 \u5355\u80a9\u5305",
        "cover_price": "108.00",
        "origin_price": "148.00",
        "brief": "",
        "figure": "\/1455528800732.png"
      },
      {
        "product_id": "1316",
        "channel_id": "8",
        "brand_id": "178",
        "p_catalog_id": "76",
        "name": "ISOS\u539f\u521b\u5973\u5305\u68ee\u7cfb\u6587\u827a\u8303\u6e05\u65b0\u5370\u82b1\u523a\u7ee3\u5355\u80a9\u659c\u8de8\u5973\u5305\u53cc\u80a9\u5305",
        "cover_price": "138.00",
        "origin_price": "138.00",
        "brief": "<br \/><a href=\"\/pic\/44928296925.html?spm=a261y.7663282.1998411378.1.OlqRd3\"><\/a>",
        "figure": "\/1441701271917.jpg"
      },
      {
        "product_id": "2881",
        "channel_id": "8",
        "brand_id": "178",
        "p_catalog_id": "76",
        "name": "ISOS\u539f\u68ee\u7cfb\u5370\u82b1\u53ef\u7231\u751c\u7f8e\u9e66\u9e49\u62fc\u63a5\u7fc5\u8180\u5305",
        "cover_price": "118.00",
        "origin_price": "118.00",
        "brief": "",
        "figure": "\/1447904724654.jpg"
      },
      {
        "product_id": "5681",
        "channel_id": "8",
        "brand_id": "178",
        "p_catalog_id": "82",
        "name": "\u3010ISOS\u3011 \u539f\u521b \u751c\u7f8e\u53ef\u7231\u68ee\u7cfb\u590d\u53e4\u5370\u82b1\u5c0f\u65b9\u5305\u659c\u8de8\u5305\u5355\u80a9\u5305\u5973\u58eb\u5305",
        "cover_price": "108.00",
        "origin_price": "188.00",
        "brief": "",
        "figure": "\/1459244102585.png"
      },
      {
        "product_id": "1331",
        "channel_id": "8",
        "brand_id": "178",
        "p_catalog_id": "76",
        "name": "ISOS\u539f\u521b\u68ee\u5973\u7cfb\u751c\u7f8e\u53ef\u7231\u5370\u82b1\u659c\u630e\u523a\u7ee3\u5c0f\u9e7f\u5706\u5355\u80a9\u5305",
        "cover_price": "88.00",
        "origin_price": "88.00",
        "brief": "",
        "figure": "\/1441768803916.jpg"
      },
      {
        "product_id": "3842",
        "channel_id": "8",
        "brand_id": "178",
        "p_catalog_id": "76",
        "name": "ISOS\u539f\u521b \u68ee\u7cfb\u5c0f\u6e05\u65b0 \u4f01\u9e45\u5355\u80a9\u5305\u659c\u8de8\u5305",
        "cover_price": "65.00",
        "origin_price": "65.00",
        "brief": "",
        "figure": "\/1451892252653.jpg"
      },
      {
        "product_id": "1540",
        "channel_id": "8",
        "brand_id": "178",
        "p_catalog_id": "76",
        "name": "ISOS\u539f\u521b\u5973\u5305\u751c\u7f8e\u53ef\u7231\u6dd1\u5973\u7ee3\u82b1\u5c0f\u9e7f\u5973\u5305",
        "cover_price": "118.00",
        "origin_price": "118.00",
        "brief": "",
        "figure": "\/1442827291184.jpg"
      },
      {
        "product_id": "4584",
        "channel_id": "8",
        "brand_id": "178",
        "p_catalog_id": "82",
        "name": "\u3010ISOS\u3011 \u751c\u7f8e\u6e05\u65b0\u5370\u82b1\u5c0f\u5305\u5355\u80a9\u659c\u8de8\u5305\u9a6c\u978d\u5305",
        "cover_price": "88.00",
        "origin_price": "128.00",
        "brief": "",
        "figure": "\/1455610972270.png"
      },
      {
        "product_id": "2832",
        "channel_id": "8",
        "brand_id": "178",
        "p_catalog_id": "76",
        "name": "ISOS\u539f\u521b\u8bbe\u8ba1 \u751c\u7f8e\u53ef\u7231\u68ee\u7cfb\u5370\u82b1\u5355\u80a9\u659c\u8de8\u5305\u624b\u63d0\u5305\u5973\u58eb\u5305",
        "cover_price": "108.00",
        "origin_price": "108.00",
        "brief": "",
        "figure": "\/1447732345223.jpg"
      },
      {
        "product_id": "5650",
        "channel_id": "8",
        "brand_id": "178",
        "p_catalog_id": "82",
        "name": "\u3010ISOS\u3011 \u539f\u521b\u8bbe\u8ba1 \u751c\u7f8e\u6dd1\u5973\u5370\u82b1\u9e2d\u5b50\u751c\u5355\u80a9\u659c\u8de8\u5305\u94fe\u6761\u5305\u5c0f\u65b9\u5305",
        "cover_price": "108.00",
        "origin_price": "168.00",
        "brief": "",
        "figure": "\/1459219437816.png"
      },
      {
        "product_id": "4582",
        "channel_id": "8",
        "brand_id": "178",
        "p_catalog_id": "82",
        "name": "\u3010ISOS\u3011 \u7ee3\u82b1\u5c0f\u9e1f\u68ee\u7cfb\u751c\u7f8e\u6dd1\u5973\u5355\u80a9\u659c\u630e\u624b\u63d0\u5305",
        "cover_price": "108.00",
        "origin_price": "148.00",
        "brief": "\u4e03\u6708\u4e2d\u65ec\u53d1\u8d27",
        "figure": "\/1455610201833.png"
      },
      {
        "product_id": "5646",
        "channel_id": "8",
        "brand_id": "178",
        "p_catalog_id": "79",
        "name": "\u3010ISOS\u3011\u65b0\u6b3e \u5b66\u9662\u98ce\u5305\u5305 \u5b66\u751f\u4e66\u5305 \u53ef\u7231\u4f11\u95f2\u97e9\u7248\u53cc\u80a9\u5305\u5973PU\u80cc\u5305",
        "cover_price": "138.00",
        "origin_price": "188.00",
        "brief": "",
        "figure": "\/1459159615480.png"
      },
      {
        "product_id": "5994",
        "channel_id": "8",
        "brand_id": "178",
        "p_catalog_id": "82",
        "name": "\u3010ISOS\u3011 ENSSO\u539f\u521b \u5c0f\u6e05\u65b0\u6b3e\u68ee\u7cfb\u523a\u7ee3\u5c0f\u65b9\u5305\u53ef\u7231\u5355\u80a9\u5305",
        "cover_price": "118.00",
        "origin_price": "168.00",
        "brief": "",
        "figure": "\/1460960946762.png"
      },
      {
        "product_id": "4865",
        "channel_id": "8",
        "brand_id": "178",
        "p_catalog_id": "82",
        "name": "\u3010ISOS\u3011 ISOS\u539f\u521b \u751c\u7f8e\u6dd1\u5973 \u8d1d\u62c9\u732b \u8d1d\u58f3\u5305 \u5355\u80a9\u5305",
        "cover_price": "108.00",
        "origin_price": "158.00",
        "brief": "\u4e03\u6708\u4e2d\u65ec\u53d1\u8d27",
        "figure": "\/1456803491198.png"
      },
      {
        "product_id": "1328",
        "channel_id": "8",
        "brand_id": "178",
        "p_catalog_id": "76",
        "name": "ISOS\u539f\u521b\u590d\u53e4\u53cc\u80a9\u5b66\u751f\u4e66\u58eb\u5175\u5370\u82b1\u82f1\u4f26\u5b66\u9662\u98ce\u5927\u5305",
        "cover_price": "148.00",
        "origin_price": "148.00",
        "brief": "<p><span style=\"font-size:18px;\"><\/span>\u00a0<\/p>",
        "figure": "\/1441768007825.jpg"
      },
      {
        "product_id": "5685",
        "channel_id": "8",
        "brand_id": "178",
        "p_catalog_id": "82",
        "name": "\u3010ISOS\u3011 ENSSO \u65b0\u6b3e \u5154\u5b50\u5370\u82b1\u68ee\u5973\u590d\u53e4\u5355\u80a9\u5305\u659c\u630e\u5305\u5c0f\u5305\u94fe\u6761\u5305",
        "cover_price": "118.00",
        "origin_price": "168.00",
        "brief": "",
        "figure": "\/1459245209430.png"
      },
      {
        "product_id": "4861",
        "channel_id": "8",
        "brand_id": "178",
        "p_catalog_id": "82",
        "name": "\u3010ISOS\u3011 ISOS\u539f\u521b \u751c\u7f8e\u6dd1\u5973 \u68ee\u7cfb\u7fc5\u8180\u5305\u9542\u7a7a\u5355\u80a9\u5305",
        "cover_price": "118.00",
        "origin_price": "168.00",
        "brief": "\u4e03\u6708\u4e2d\u65ec\u53d1\u8d27",
        "figure": "\/1456802841958.png"
      }
    ],
    "catalog_data": false,
    "brand_data": false,
    "is_recommended": "0"
  }
}