{
  "code": 200,
  "msg": "\u8bf7\u6c42\u6210\u529f",
  "result": {
    "page_data": [
      {
        "product_id": "7238",
        "channel_id": "3",
        "brand_id": "72",
        "p_catalog_id": "26",
        "name": "\u3010\u5b98\u65b9\u6b63\u7248\u3011 \u5168\u804c\u9ad8\u624b \u56fd\u5bb6\u961f\u7cfb\u5217\u6302\u4ef6 Q\u7248 \u4e9a\u514b\u529b \u6302\u4ef6--\u53f6\u4fee",
        "cover_price": "18.00",
        "origin_price": "18.00",
        "brief": "\u94a5\u5319\u6263\u5df2\u5f00\u59cb\u9646\u7eed\u53d1\u8d27\u7684\u8bf4~\r\n\u4e0d\u542b\u5e95\u677f~\u5e95\u677f\u80cc\u677f\u7ec4\u5408\u73a9\u6cd5\u53ef\u6233\u5173\u8054\u5546\u54c1\u3002",
        "figure": "\/1466157188535.jpg"
      },
      {
        "product_id": "8509",
        "channel_id": "3",
        "brand_id": "72",
        "p_catalog_id": "24",
        "name": "\u3010\u5b98\u65b9\u6b63\u7248\u3011 \u5168\u804c\u9ad8\u624b2\u300a\u526f\u672c\u5236\u9738\u300b \u968f\u4e66\u8d60\u72ec\u5bb6\u9996\u53d1\u738b\u6770\u5e0c\u4e2a\u4eba\u7b7e\u540d\u677f+\u7cbe\u7f8e\u5927\u6d77\u62a5",
        "cover_price": "32.00",
        "origin_price": "38.00",
        "brief": "\u7b2c\u4e8c\u6279\u51fa\u8d27\u65e5\u81f38\u670817\u65e5\u5de6\u53f3~\u51fa\u8d27\u540e\u5c06\u6309\u8ba2\u5355\u987a\u5e8f\u5b89\u6392\u53d1\u8d27\u5662~~\u968f\u4e66\u8d60\u72ec\u5bb6\u9996\u53d1\u738b\u6770\u5e0c\u4e2a\u4eba\u7b7e\u540d\u677f+\u7cbe\u7f8e\u5927\u6d77\u62a5tj",
        "figure": "\/1469772518639.jpg"
      },
      {
        "product_id": "3269",
        "channel_id": "4",
        "brand_id": "3",
        "p_catalog_id": "90",
        "name": "[\u781a\u6c60\u5de5\u4f5c\u5ba4]\u5251\u4e09\u5468\u8fb9\u95e8\u6d3e\u53e4\u98ce\u539f\u521b\u72ec\u5bb6\u624b\u5de5\u5b9a\u5236\u53d1\u5149\u5c0f\u591c\u706f",
        "cover_price": "68.00",
        "origin_price": "68.00",
        "brief": "\u4e0d\u5305\u542b\u63d0\u624b~\u4e0d\u5305\u542b\u63d0\u624b~\u4e0d\u5305\u542b\u63d0\u624b~OVO \u91cd\u8981\u7684si\u60c5\u55e6\u4e09\u904d~~~ \u5de5\u671f\u4e3a5-10\u4e2a\u5de5\u4f5c\u65e5~\r\n",
        "figure": "\/1449219464141.jpg"
      },
      {
        "product_id": "3209",
        "channel_id": "4",
        "brand_id": "3",
        "p_catalog_id": "26",
        "name": "[\u781a\u6c60\u5de5\u4f5c\u5ba4] \u5251\u7f513 \u5251\u4e09\u5468\u8fb9\u95e8\u6d3e\u53e4\u98ce\u539f\u521b\u72ec\u5bb6\u624b\u5de5\u5b9a\u5236\u793c\u7269\u6728\u8d28\u5361\u5957",
        "cover_price": "26.40",
        "origin_price": "30.00",
        "brief": "",
        "figure": "\/1449134007474.jpg"
      },
      {
        "product_id": "7241",
        "channel_id": "3",
        "brand_id": "72",
        "p_catalog_id": "26",
        "name": "\u3010\u5b98\u65b9\u6b63\u7248\u3011 \u5168\u804c\u9ad8\u624b \u56fd\u5bb6\u961f\u7cfb\u5217\u6302\u4ef6 Q\u7248 \u4e9a\u514b\u529b \u6302\u4ef6--\u9ec4\u5c11\u5929",
        "cover_price": "18.00",
        "origin_price": "18.00",
        "brief": "\u94a5\u5319\u6263\u5df2\u5f00\u59cb\u9646\u7eed\u53d1\u8d27\u7684\u8bf4~\r\n\u4e0d\u542b\u5e95\u677f~\u5e95\u677f\u80cc\u677f\u7ec4\u5408\u73a9\u6cd5\u53ef\u6233\u5173\u8054\u5546\u54c1\u3002",
        "figure": "\/1466157626768.jpg"
      },
      {
        "product_id": "7252",
        "channel_id": "3",
        "brand_id": "72",
        "p_catalog_id": "26",
        "name": "\u3010\u5b98\u65b9\u6b63\u7248\u3011 \u5168\u804c\u9ad8\u624b \u56fd\u5bb6\u961f\u7cfb\u5217\u6302\u4ef6 Q\u7248 \u4e9a\u514b\u529b \u6302\u4ef6--\u5468\u6cfd\u6977",
        "cover_price": "18.00",
        "origin_price": "18.00",
        "brief": "\u94a5\u5319\u6263\u5df2\u5f00\u59cb\u9646\u7eed\u53d1\u8d27\u7684\u8bf4~\r\n\u4e0d\u542b\u5e95\u677f~\u5e95\u677f\u80cc\u677f\u7ec4\u5408\u73a9\u6cd5\u53ef\u6233\u5173\u8054\u5546\u54c1\u3002",
        "figure": "\/1466158339746.jpg"
      },
      {
        "product_id": "3211",
        "channel_id": "4",
        "brand_id": "3",
        "p_catalog_id": "26",
        "name": "[\u781a\u6c60\u5de5\u4f5c\u5ba4] \u5251\u7f513 \u5251\u4e09\u5468\u8fb9\u95e8\u6d3e\u53e4\u98ce\u539f\u521b\u72ec\u5bb6\u793c\u7269 \u95e8\u6d3e\u884d\u751f\u91d1\u5c5e\u4e66\u7b7e",
        "cover_price": "13.20",
        "origin_price": "15.00",
        "brief": "",
        "figure": "\/1449137495482.jpg"
      },
      {
        "product_id": "5774",
        "channel_id": "4",
        "brand_id": "3",
        "p_catalog_id": "90",
        "name": "[\u781a\u6c60\u5de5\u4f5c\u5ba4]  \u5251\u7f513 \u5251\u4e09\u5468\u8fb9\u95e8\u6d3e\u53e4\u98ce\u539f\u521b\u72ec\u5bb6\u5b9a\u5236\u793c\u7269\u50a8\u84c4\u7f50\u6536\u7eb3\u76d2",
        "cover_price": "80.96",
        "origin_price": "92.00",
        "brief": "",
        "figure": "\/supplier\/1478517808928.jpg"
      },
      {
        "product_id": "2854",
        "channel_id": "3",
        "brand_id": "258",
        "p_catalog_id": "65",
        "name": "\u3010\u5b85\u6f2b\u5468\u8fb9\u5e97\u3011doge \u53ef\u7231\u7684Muco\/\u5bb6\u6709\u7a46\u73c2 \u67f4\u72ac\u4e3b\u9898\u8fde\u5e3d\u536b\u8863 \u6625\u5b63\u8584\u6b3e",
        "cover_price": "119.00",
        "origin_price": "119.00",
        "brief": "\u8584\u6b3e S\u7801\u8ddfM\u780110\u6708\u4e2d\u4e0b\u65ec\u53d1\u8d27\u5662~\u5176\u4ed6\u73b0\u8d27\u54d2~\u4e3b\u4eba\u4eec\u8bf7\u77e5\u6089\u5462\u266a(^\u2207^*)",
        "figure": "\/1474974249878.jpg"
      },
      {
        "product_id": "666",
        "channel_id": "3",
        "brand_id": "100",
        "p_catalog_id": "24",
        "name": "\u3010\u5929\u95fb\u89d2\u5ddd\u3011\u6700\u53d7\u77a9\u76ee\u7684\u4eba\u6c14\u6f2b\u753b\u5bb6old\u5148 \u540c\u540d\u753b\u96c6\u9996\u90e8\u5b8c\u7f8e\u5448\u73b0",
        "cover_price": "33.60",
        "origin_price": "33.60",
        "brief": "",
        "figure": "\/1439443792543.jpg"
      },
      {
        "product_id": "6895",
        "channel_id": "15",
        "brand_id": "402",
        "p_catalog_id": "52",
        "name": "\u3010\u6d41\u70df\u6614\u6ce0\u3011\u6c49\u5143\u7d20 \u534a\u81c2 \u77ed\u5b8b\u88e4 \u540a\u5e26 \u523a\u7ee3 \u8c46\u853b\u5e74\u534e\u5c11\u5973\u7cfb\u5217-\u6e05\u79cb\u5154 \u534a\u81c2",
        "cover_price": "99.00",
        "origin_price": "128.00",
        "brief": "7\u670815\u65e5\u8d77\u8fdb\u5165\u7b2c\u56db\u6279\u9884\u5b9a\uff0c\u7b2c\u56db\u6279\u7ea67\u670831\u65e5\u5de6\u53f3\u53d1\u8d27",
        "figure": "\/1465295954097.jpg"
      },
      {
        "product_id": "3340",
        "channel_id": "4",
        "brand_id": "3",
        "p_catalog_id": "28",
        "name": "\u3010\u5c0f\u8ff7\u5154\u3011\u5251\u7f513\u5251\u4e09\u5468\u8fb9 \u6ce1\u9762\u7897 \u5929\u7b56 \u7eaf\u9633 \u660e\u6559",
        "cover_price": "46.75",
        "origin_price": "55.00",
        "brief": "",
        "figure": "\/1478681924760.jpg"
      },
      {
        "product_id": "6897",
        "channel_id": "15",
        "brand_id": "402",
        "p_catalog_id": "88",
        "name": "\u3010\u6d41\u70df\u6614\u6ce0\u3011\u6c49\u5143\u7d20 \u534a\u81c2 \u77ed\u5b8b\u88e4 \u540a\u5e26 \u523a\u7ee3 \u8c46\u853b\u5e74\u534e\u5c11\u5973\u7cfb\u5217-\u6e05\u79cb\u5154 \u77ed\u5b8b\u88e4",
        "cover_price": "99.00",
        "origin_price": "168.00",
        "brief": "7\u670815\u65e5\u8d77\u8fdb\u5165\u7b2c\u56db\u6279\u9884\u5b9a\uff0c\u7b2c\u56db\u6279\u7ea67\u670831\u65e5\u5de6\u53f3\u53d1\u8d27",
        "figure": "\/1465296453463.jpg"
      },
      {
        "product_id": "6896",
        "channel_id": "15",
        "brand_id": "402",
        "p_catalog_id": "52",
        "name": "\u3010\u6d41\u70df\u6614\u6ce0\u3011\u6c49\u5143\u7d20 \u534a\u81c2 \u77ed\u5b8b\u88e4 \u540a\u5e26 \u523a\u7ee3 \u8c46\u853b\u5e74\u534e\u5c11\u5973\u7cfb\u5217-\u6e05\u79cb\u5154 \u540a\u5e26",
        "cover_price": "59.00",
        "origin_price": "88.00",
        "brief": "7\u670815\u65e5\u8d77\u8fdb\u5165\u7b2c\u56db\u6279\u9884\u5b9a\uff0c\u7b2c\u56db\u6279\u7ea67\u670831\u65e5\u5de6\u53f3\u53d1\u8d27",
        "figure": "\/1465296158907.jpg"
      },
      {
        "product_id": "3120",
        "channel_id": "3",
        "brand_id": "234",
        "p_catalog_id": "28",
        "name": "\u3010\u53e4\u602a\u820d\u3011\u548c\u98ce\u6a31\u82b1\u52a8\u7269-\u732b\/\u5154\/\u9e7f \u521b\u610f\u73bb\u7483\u6c34\u676f\u5b50\u8336\u676f C31",
        "cover_price": "27.50",
        "origin_price": "28.50",
        "brief": "",
        "figure": "\/1448941498675.jpg"
      },
      {
        "product_id": "6969",
        "channel_id": "8",
        "brand_id": "403",
        "p_catalog_id": "29",
        "name": "\u3010\u6d89\u5ddd\u539f\u521b\u3011\u5468\u8fb9\u5c0f\u7269 \u624b\u611f\u8d85\u597d\u8d85\u840c\u7684\u5154\u6bdb\u5c0f\u5154\u7eb8\u5305\u6302\/\u6bdb\u7ed2\u73a9\u5076",
        "cover_price": "68.00",
        "origin_price": "68.00",
        "brief": "\u5154\u5154\u521a\u5230\u624b\u4f1a\u6709\u6d6e\u6bdb\uff0c\u591a\u62cd\u62cd\u6296\u6296\u5439\u5439\u63c9\u63c9\u5c31\u597d\u5566(",
        "figure": "\/1465620442251.jpg"
      },
      {
        "product_id": "14",
        "channel_id": "11",
        "brand_id": "3",
        "p_catalog_id": "32",
        "name": "\u3010\u5c0f\u8ff7\u5154\u7684\u5468\u8fb9\u3011\u5251\u7f513 \u5251\u4fa0\u60c5\u7f18\u53c1\u95e8\u6d3e\u538b\u76ae\u6d3b\u9875\u7b14\u8bb0\u672c",
        "cover_price": "29.00",
        "origin_price": "29.00",
        "brief": "<p>\u00a0\u5251\u7f51\u4e09 \u52513\u00a0\u538b\u76ae\u6d3b\u9875\u7b14\u8bb0\u672c<br \/><\/p><p>\u51fa\u54c1\uff1a\u5c0f\u8ff7\u5154\u7684\u5468\u8fb9<\/p>",
        "figure": "\/1471501055587.jpg"
      },
      {
        "product_id": "2944",
        "channel_id": "4",
        "brand_id": "3",
        "p_catalog_id": "77",
        "name": "\u3010\u5c0f\u8ff7\u5154\u3011\u5251\u7f513 \u5251\u4e09\u5468\u8fb9 \u8f6f\u9762\u62c9\u94fe\u96f6\u94b1\u5305 \u5973\u5f0f\u624b\u62ff\u5305\u5305 \u4e10\u5e2e\u9152\u58f6",
        "cover_price": "33.15",
        "origin_price": "39.00",
        "brief": "",
        "figure": "\/1447999535316.jpg"
      },
      {
        "product_id": "15",
        "channel_id": "4",
        "brand_id": "3",
        "p_catalog_id": "17",
        "name": "\u3010\u5c0f\u8ff7\u5154\u3011\u5251\u7f513 \u5251\u4e09   \u957f\u67c4 \u81ea\u52a8 \u53e4\u98ce\u96e8\u4f1e \u590f\u65e5\u51fa\u884c",
        "cover_price": "76.50",
        "origin_price": "90.00",
        "brief": "\u5251\u7f51\u4e09 \u52513 \u7f57\u4f1e\u9716\u96e8\u6625 \u7a7a\u8c37\u5e7d\u5170\u00a0\u96e8\u4f1e\u957f\u67c4 \u7537\u5973\u96e8\u4f1e \u51fa\u54c1\uff1a\u5c0f\u8ff7\u5154\u7684\u5468\u8fb9",
        "figure": "\/1460529658392.jpg"
      },
      {
        "product_id": "2945",
        "channel_id": "4",
        "brand_id": "3",
        "p_catalog_id": "105",
        "name": "\u3010\u5c0f\u8ff7\u5154\u3011\u5251\u7f513\u5468\u8fb9\u95e8\u6d3eLOGO \u7eaf\u68c9\u9488\u7ec7\u56f4\u5dfe ",
        "cover_price": "57.80",
        "origin_price": "68.00",
        "brief": "",
        "figure": "\/1447999737252.jpg"
      }
    ],
    "catalog_data": false,
    "brand_data": false,
    "is_recommended": "1"
  }
}