{
  "code": 200,
  "msg": "\u8bf7\u6c42\u6210\u529f",
  "result": {
    "page_data": [
      {
        "product_id": "3281",
        "channel_id": "4",
        "brand_id": "281",
        "p_catalog_id": "71",
        "name": "\u3010\u4e00\u65b9\u5c18\u5bf0\u3011\u5251\u4e09 \u4e07\u82b1 \u5170\u4ead\u9999\u96ea 95\u5927\u6a59\u6b66\u53d1\u7c2a\u5468\u8fb9\u6446\u4ef6\u9884\u552e",
        "cover_price": "120.00",
        "origin_price": "159.00",
        "brief": "\u6700\u540e\u4e00\u6b21\u5f0095\u4e07\u82b1\u56e2\u4e86\uff01\uff01\uff01\u6700\u540e500\u4e2a\u5b8c\u552e\u540e\u5c31\u6b63\u5f0f\u5c01\u4ed3\u4e0d\u518d\u505a\u4e86\uff01\uff01 \r\n\u5927\u8d27\u6837\u56fe\u5df2\u51fa\uff01\uff01\u6539\u7248\u4e4b\u540e\u66f4\u5c4c\u6709\u6728\u6709\uff01\u771f\u91d1\u7535\u9540\u7edd\u5bf9\u8d85\u503c\uff01 \u5b9e\u529b\u6253\u9020\uff0c\u4e0d\u5bb9\u9519\u8fc7\uff01 \u7528\u5fc3\u6253\u78e8\uff0c\u53ea\u4e3a\u613f\u60a8\u4e00\u4e2a\u6a59\u6b66\u68a6\uff01\uff01\uff01\r\n\u56fe\u4e3a\u6700\u7ec8\u6837\uff0c\u9646\u7eed\u4f1a\u653e\u5927\u8d27\u9ad8\u6e05\u5927\u56fe\uff01\uff01\u5b9e\u529b\u6253\u9020\uff0c\u4e0d\u5bb9\u9519\u8fc7\uff01 \u7528\u5fc3\u6253\u78e8\uff0c\u53ea\u4e3a\u5706\u5c3c\u4e00\u4e2a\u6a59\u6b66\u68a6\uff01\uff01\uff01",
        "figure": "\/1453194827823.jpg"
      },
      {
        "product_id": "3476",
        "channel_id": "12",
        "brand_id": "281",
        "p_catalog_id": "71",
        "name": "\u3010\u4e00\u65b9\u5c18\u5bf0\u3011\u548c\u98ce\u91cd\u6a31\u73cd\u73e0\u6d41\u82cf\u7c2a",
        "cover_price": "35.00",
        "origin_price": "45.00",
        "brief": "",
        "figure": "\/supplier\/1449839522267.jpg"
      },
      {
        "product_id": "6784",
        "channel_id": "12",
        "brand_id": "281",
        "p_catalog_id": "71",
        "name": "\u3010\u4e00\u65b9\u5c18\u5bf0\u3011\u5251\u4e0995\u5927\u6a59\u6b66\u4e94\u6bd2\u00b7\u7edb\u7389\u62e8\u4e91 \u53d1\u7c2aBJD cos\u9053\u5177",
        "cover_price": "95.00",
        "origin_price": "105.00",
        "brief": "\u5168\u90e8\u73b0\u8d27\u5168\u90e8\u73b0\u8d27\uff01\uff01\u6a21\u7279\u56fe\u5df2\u51fa\uff01\uff01\u6539\u7248\u4e4b\u540e\u66f4\u5c4c\u6709\u6728\u6709\uff01\u9ad8\u54c1\u8d28\u72ec\u5bb6\u6253\u7248\u5f00\u6a21\u7edd\u5bf9\u8d85\u503c\uff01 \u5b9e\u529b\u6253\u9020\uff0c\u4e0d\u5bb9\u9519\u8fc7\uff01 \u7528\u5fc3\u6253\u78e8\uff0c\u53ea\u4e3a\u5706\u60a8\u4e00\u4e2a\u6a59\u6b66\u68a6\uff01\uff01\uff01",
        "figure": "\/supplier\/1469697386716.jpg"
      },
      {
        "product_id": "3304",
        "channel_id": "6",
        "brand_id": "281",
        "p_catalog_id": "71",
        "name": "\u5b9a\u5236\u3010\u4e00\u65b9\u5c18\u5bf0\u3011\u6c49\u670d\u53e4\u98ce\u590d\u53e4\u798f\u5bff\u94f6\u9501\u538b\u895f",
        "cover_price": "100.00",
        "origin_price": "100.00",
        "brief": "\u7cbe\u5de7\u73b2\u73d1\uff0c\u798f\u5bff\u7ef5\u957f",
        "figure": "\/supplier\/1449469096054.jpg"
      },
      {
        "product_id": "3474",
        "channel_id": "12",
        "brand_id": "281",
        "p_catalog_id": "71",
        "name": "\u5b9a\u5236\u3010\u4e00\u65b9\u5c18\u5bf0\u3011 \u5251\u4e09 \u85cf\u5251 90 \u6a59\u6b66 \u884d\u751f\u7c2a \u95ee\u6c34\u00b7\u63a2\u6885 {\u94f6\u674f*\u6885\u82b1}",
        "cover_price": "80.00",
        "origin_price": "99.00",
        "brief": "\u5de5\u671f\uff1a\u4e00\u5468",
        "figure": "\/supplier\/1449836871249.jpg"
      },
      {
        "product_id": "3306",
        "channel_id": "6",
        "brand_id": "281",
        "p_catalog_id": "71",
        "name": "\u5b9a\u5236\u3010\u4e00\u65b9\u5c18\u5bf0\u3011\u6c49\u670d\u53e4\u98ce\u590d\u53e4\u798f\u5bff\u91d1\u9501\u538b\u895f",
        "cover_price": "150.00",
        "origin_price": "160.00",
        "brief": "\u7cbe\u5de7\u73b2\u73d1\uff0c\u798f\u5bff\u7ef5\u5ef6",
        "figure": "\/supplier\/1452141325215.jpg"
      },
      {
        "product_id": "9356",
        "channel_id": "12",
        "brand_id": "281",
        "p_catalog_id": "71",
        "name": "\u73b0\u8d27\u3010\u4e00\u65b9\u5c18\u5bf0\u3011\u5251\u4fa0\u60c5\u7f18\u4e09\u5251\u4e09\u4e03\u79c0 \u5e72\u5c06\u83ab\u90aa 90\u6a59\u6b66\u4eff\u70e7\u84dd\u590d\u53e4\u5bf9\u7c2a",
        "cover_price": "159.00",
        "origin_price": "169.00",
        "brief": "\u60f3\u8981\u505a\u4f18\u96c5\u8ff7\u4eba\u7684\u79c0\u59d1\u5a18\u4e48\uff01 \u60f3\u8981\u4e0d\u6f0f\u58f0\u8272\u5b9e\u73b0\u4f4e\u8c03\u5962\u534e\u6709\u5185\u6db5\u4e48\uff01\uff01 \u8fd9\u4e48\u4e0b\u72e0\u5fc3\u505a\u8fd9\u6b3e\u7c2a\u5b50\u7684\u5168\u7f51\u5e94\u8be5\u4e5f\u5c31\u6211\u4eec\u4e86\u5427QWQ \u4e0d\u662f\u6211\u5439~\u6211\u4eec\u75af\u8d77\u6765\u81ea\u5df1\u4e5f\u6253\u3010\u6342\u8138",
        "figure": "\/1477984921265.jpg"
      },
      {
        "product_id": "3327",
        "channel_id": "6",
        "brand_id": "281",
        "p_catalog_id": "71",
        "name": "\u5b9a\u5236\u3010\u4e00\u65b9\u5c18\u5bf0\u3011\u6c49\u670d\u590d\u53e4\u534e\u4e3d\u748e\u73de\u9879\u5708",
        "cover_price": "268.00",
        "origin_price": "300.00",
        "brief": "Soufflesong \u539f\u521b\u4e2d\u534e\u98ce \u5bab\u706f\u7cfb\u5217 \u6c49\u670d\u957f\u8966\u88d9 \u5408\u4f5c\u72ec\u5bb6\u6b3e\u642d\u914d\u9996\u9970",
        "figure": "\/supplier\/1449566477049.jpg"
      },
      {
        "product_id": "3330",
        "channel_id": "6",
        "brand_id": "281",
        "p_catalog_id": "71",
        "name": "\u5b9a\u505a\u3010\u4e00\u65b9\u5c18\u5bf0\u3011\u6c49\u670d\u590d\u53e4\u4e91\u4f69\u7389\u538b\u895f",
        "cover_price": "100.00",
        "origin_price": "120.00",
        "brief": "\u7f8e\u4eba\u5982\u7389\uff0c\u6b65\u6b65\u83b2\u534e",
        "figure": "\/supplier\/1449482505035.jpg"
      },
      {
        "product_id": "3468",
        "channel_id": "12",
        "brand_id": "281",
        "p_catalog_id": "71",
        "name": "\u5b9a\u5236\u3010\u4e00\u65b9\u5c18\u5bf0\u3011\u535c\u7b97\u5b50\u00b7\u4ed5\u5973\u98d8\u82b1\u6b65\u6447",
        "cover_price": "40.00",
        "origin_price": "99.00",
        "brief": "",
        "figure": "\/supplier\/1449832603056.jpg"
      },
      {
        "product_id": "3309",
        "channel_id": "6",
        "brand_id": "281",
        "p_catalog_id": "71",
        "name": "\u5b9a\u5236\u3010\u4e00\u65b9\u5c18\u5bf0\u3011\u82b1\u5343\u9aa8\u4e4b\u767d\u5b50\u753b\u83b2\u82b1\u51a0",
        "cover_price": "190.00",
        "origin_price": "320.00",
        "brief": "\u72ec\u5bb6\u8bbe\u8ba1\uff0c\u534e\u4e3d\u800c\u4e0d\u5931\u98d8\u9038\uff0c\u53ef\u901a\u7528\u5176\u4ed6\u540c\u7c7b\u578b\u53e4\u98ce\u4eba\u7269\u4f7f\u7528",
        "figure": "\/supplier\/1449473468967.jpg"
      },
      {
        "product_id": "3472",
        "channel_id": "12",
        "brand_id": "281",
        "p_catalog_id": "71",
        "name": "\u3010\u4e00\u65b9\u5c18\u5bf0\u3011\u7f24\u7eb7\u53cc\u8272 \u6a31\u82b1\u548c\u98ce\u53d1\u68b3",
        "cover_price": "38.00",
        "origin_price": "49.00",
        "brief": "",
        "figure": "\/supplier\/1449833812695.jpg"
      },
      {
        "product_id": "3539",
        "channel_id": "12",
        "brand_id": "281",
        "p_catalog_id": "71",
        "name": "\u3010\u4e00\u65b9\u5c18\u5bf0\u3011\u548c\u98ce\u9e64\u67c4 \u53cc\u5c42\u73cd\u73e0 \u94f6\u674f\u7c2a",
        "cover_price": "30.00",
        "origin_price": "39.00",
        "brief": "",
        "figure": "\/supplier\/1450271472289.png"
      },
      {
        "product_id": "10391",
        "channel_id": "12",
        "brand_id": "281",
        "p_catalog_id": "71",
        "name": "\u73b0\u8d27\u3010\u4e00\u65b9\u5c18\u5bf0\u3011\u5251\u4fa0\u60c5\u7f18\u4e09\u5251\u4e09\u4e03\u79c0 \u5e72\u5c06\u83ab\u90aa 90\u6a59\u6b66\u4eff\u70e7\u84dd\u590d\u53e4\u5bf9\u7c2a-\u7279\u5178\u7248",
        "cover_price": "159.00",
        "origin_price": "169.00",
        "brief": "\u60f3\u8981\u505a\u4f18\u96c5\u8ff7\u4eba\u7684\u79c0\u59d1\u5a18\u4e48\uff01 \u60f3\u8981\u4e0d\u6f0f\u58f0\u8272\u5b9e\u73b0\u4f4e\u8c03\u5962\u534e\u6709\u5185\u6db5\u4e48\uff01\uff01 \u8fd9\u4e48\u4e0b\u72e0\u5fc3\u505a\u8fd9\u6b3e\u7c2a\u5b50\u7684\u5168\u7f51\u5e94\u8be5\u4e5f\u5c31\u6211\u4eec\u4e86\u5427QWQ \u4e0d\u662f\u6211\u5439~\u6211\u4eec\u75af\u8d77\u6765\u81ea\u5df1\u4e5f\u6253\u3010\u6342\u8138",
        "figure": "\/1477984931882.jpg"
      },
      {
        "product_id": "3312",
        "channel_id": "3",
        "brand_id": "281",
        "p_catalog_id": "71",
        "name": "\u5b9a\u505a\u3010\u4e00\u65b9\u5c18\u5bf0\u3011lolita\u4e2d\u534e\u8774\u8776\u8fb9\u5939",
        "cover_price": "100.00",
        "origin_price": "120.00",
        "brief": "",
        "figure": "\/supplier\/1449474765425.jpg"
      },
      {
        "product_id": "3545",
        "channel_id": "12",
        "brand_id": "281",
        "p_catalog_id": "71",
        "name": "\u3010\u4e00\u65b9\u5c18\u5bf0\u3011\u548c\u98ce\u9cd6\u7532\u98ce \u6a31\u82b1\u6d41\u6c34\u67c4 \u94f6\u674f\u7c2a",
        "cover_price": "28.00",
        "origin_price": "30.00",
        "brief": "",
        "figure": "\/supplier\/1450274082803.png"
      },
      {
        "product_id": "3301",
        "channel_id": "12",
        "brand_id": "281",
        "p_catalog_id": "73",
        "name": "\u3010\u4e00\u65b9\u5c18\u5bf0\u3011BJD\u5a03\u7528 \u82b1\u9b41\u53d1\u7c2a\u5927\u5957\u88c5",
        "cover_price": "350.00",
        "origin_price": "350.00",
        "brief": "\u7269\u7f8e\u4ef7\u5ec9\uff0c\u5de5\u5382\u5f00\u6a21\u5236\u4f5c\u65e0\u8bba\u662f\u5de5\u827a\u7cbe\u7ec6\u5ea6\u8fd8\u662f\u8868\u9762\u5149\u6cfd\u5ea6\u90fd\u662f\u624b\u5de5\u5236\u54c1\u65e0\u6cd5\u8fbe\u5230\u7684\u5b8c\u7f8e\uff01\r\n\u9020\u798f\u5404\u4f4d\u5a03\u5a18\u5a03\u7239\uff0c\u72ec\u5bb6\u3010\u82b1\u5bb5\u9053\u4e2d\u3011\u3010BJD\u6b3e\u5a03\u7528\u4e8c\u5341\u4ef6\u5957\u5927\u5957\u88c5\u3011\u73b0\u8d27\u51fa\u552e\u54e6~~~",
        "figure": "\/supplier\/1449484440237.jpg"
      },
      {
        "product_id": "3423",
        "channel_id": "5",
        "brand_id": "281",
        "p_catalog_id": "20",
        "name": "\u5b9a\u505a\u3010\u4e00\u65b9\u5c18\u5bf0\u3011\u957f\u5b89\u5e7b\u591c\u516b\u91cd\u96ea\u82d7\u9996\u9970\u5957\u88c5",
        "cover_price": "750.00",
        "origin_price": "0.00",
        "brief": "",
        "figure": "\/supplier\/1449800743737.jpg"
      },
      {
        "product_id": "3359",
        "channel_id": "3",
        "brand_id": "281",
        "p_catalog_id": "71",
        "name": "\u3010\u4e00\u65b9\u5c18\u5bf0\u3011\u82b1\u5bb5\u9053\u4e2d \u82b1\u9b41\u6b3e \u6854\u6897\u548c\u98ce\u7c2a",
        "cover_price": "30.00",
        "origin_price": "30.00",
        "brief": "",
        "figure": "\/supplier\/1449645368462.jpg"
      },
      {
        "product_id": "3475",
        "channel_id": "5",
        "brand_id": "281",
        "p_catalog_id": "20",
        "name": "\u5b9a\u5236\u3010\u4e00\u65b9\u5c18\u5bf0\u3011\u9739\u96f3\u9f99\u5bbf\u4e00\u7248 \u4eba\u7528\u9053\u5177\u6247",
        "cover_price": "450.00",
        "origin_price": "499.00",
        "brief": "\u5236\u4f5c\u5de5\u671f\uff1a\u4e00\u4e2a\u6708\r\n\u7279\u6b8a\u9053\u5177\uff0c\u4e00\u7ecf\u53d1\u51fa\uff0c\u6536\u8d27\u8bf7\u5f53\u9762\u7b7e\u6536\u9a8c\u8d27\uff0c\u5982\u65e0\u8d28\u91cf\u95ee\u9898\u6982\u4e0d\u9000\u6362\uff01",
        "figure": "\/supplier\/1449838077722.jpg"
      }
    ],
    "catalog_data": false,
    "brand_data": false,
    "is_recommended": "0"
  }
}