{
  "code": 200,
  "msg": "\u8bf7\u6c42\u6210\u529f",
  "result": {
    "page_data": [
      {
        "product_id": "4248",
        "channel_id": "3",
        "brand_id": "33",
        "p_catalog_id": "26",
        "name": "\u3010\u80fd\u91cf\u5929\u4f7f\u3011 \u590f\u76ee\u53cb\u4eba\u5e10 \u732b\u54aa\u8001\u5e08\u624b\u673a\u5145\u7535\u5b9d\u6bdb\u7ed2\u516c\u4ed4\u6302\u4ef6 \u805a\u5212\u7b97",
        "cover_price": "99.00",
        "origin_price": "210.00",
        "brief": "",
        "figure": "\/1455766606952.jpg"
      },
      {
        "product_id": "8875",
        "channel_id": "3",
        "brand_id": "96",
        "p_catalog_id": "39",
        "name": "\u3010\u80fd\u91cf\u5929\u4f7f\u3011\u53e3\u888b\u5996\u602a\u795e\u5947\u5b9d\u8d1d\u7cbe\u7075\u7403\u5ba0\u7269\u5c0f\u7cbe\u7075go\u79fb\u52a8\u7535\u6e90",
        "cover_price": "95.00",
        "origin_price": "160.00",
        "brief": "",
        "figure": "\/1473232404020.jpg"
      },
      {
        "product_id": "4409",
        "channel_id": "3",
        "brand_id": "75",
        "p_catalog_id": "102",
        "name": "\u3010\u80fd\u91cf\u5929\u4f7f\u3011 \u6708\u520a\u5c11\u5973\u91ce\u5d0e\u541b \u72f8\u732b U\u76d8",
        "cover_price": "85.00",
        "origin_price": "171.00",
        "brief": "",
        "figure": "\/1454405979932.jpg"
      },
      {
        "product_id": "8827",
        "channel_id": "3",
        "brand_id": "248",
        "p_catalog_id": "90",
        "name": "\u3010\u80fd\u91cf\u5929\u4f7f\u3011\u5455\u5410\u86cb\u86cb\u54e5\u634f\u634f\u4e50 \u5976\u9ec4\u5305 \u61d2\u86cb\u86cb \u86cb\u9ec4\u54e5\u73a9\u5177\u52a8\u6f2b\u5468\u8fb9",
        "cover_price": "14.50",
        "origin_price": "29.00",
        "brief": "",
        "figure": "\/1473315916811.jpg"
      },
      {
        "product_id": "4500",
        "channel_id": "12",
        "brand_id": "64",
        "p_catalog_id": "73",
        "name": "\u3010\u80fd\u91cf\u5929\u4f7f\u3011 \u52a0\u901f\u4e16\u754c \u9ed1\u96ea\u59ec \u9ed1\u51e4\u8776 \u8033\u9489",
        "cover_price": "22.00",
        "origin_price": "40.00",
        "brief": "",
        "figure": "\/1454573904561.jpg"
      },
      {
        "product_id": "4247",
        "channel_id": "3",
        "brand_id": "34",
        "p_catalog_id": "17",
        "name": "\u3010\u80fd\u91cf\u5929\u4f7f\u3011\u94f6\u9b42 \u4e07\u4e8b\u5c4b \u795e\u4e50\u96e8\u4f1e\u906e\u9633\u4f1e \u590f\u65e5\u51fa\u884c",
        "cover_price": "59.00",
        "origin_price": "101.00",
        "brief": "",
        "figure": "\/1453696820462.jpg"
      },
      {
        "product_id": "5922",
        "channel_id": "3",
        "brand_id": "23",
        "p_catalog_id": "102",
        "name": "\u3010\u80fd\u91cf\u5929\u4f7f\u3011 \u8230\u961fcollection \u8230\u5a18 \u54b8\u9c7c\u62b1\u6795\u6b3e U\u76d8",
        "cover_price": "85.00",
        "origin_price": "121.00",
        "brief": "\u516d\u6708\u5e95\u5230\u8d27",
        "figure": "\/1460535477279.jpg"
      },
      {
        "product_id": "4243",
        "channel_id": "12",
        "brand_id": "32",
        "p_catalog_id": "73",
        "name": "\u3010\u80fd\u91cf\u5929\u4f7f\u3011 \u6d77\u8d3c\u738b \u4e54\u5df4\u624b\u94fe ",
        "cover_price": "78.00",
        "origin_price": "115.00",
        "brief": "",
        "figure": "\/1453695687445.jpg"
      },
      {
        "product_id": "4233",
        "channel_id": "3",
        "brand_id": "287",
        "p_catalog_id": "17",
        "name": "\u3010\u80fd\u91cf\u5929\u4f7f\u3011 \u753b\u6c5f\u6e56\u4e4b\u4e0d\u826f\u4eba \u96e8\u4f1e\u906e\u9633\u4f1e \u590f\u65e5\u51fa\u884c",
        "cover_price": "89.00",
        "origin_price": "158.00",
        "brief": "",
        "figure": "\/1453691245149.jpg"
      },
      {
        "product_id": "4596",
        "channel_id": "3",
        "brand_id": "23",
        "p_catalog_id": "90",
        "name": "\u3010\u80fd\u91cf\u5929\u4f7f\u3011 \u7eb8\u5dfe \u5317\u65b9\u8230\u5a18\u88c5\u903c\u7075 \u8fc5\u901f\u63d0\u5347\u903c\u683c200% \u6d41\u884c\u6897",
        "cover_price": "9.90",
        "origin_price": "16.50",
        "brief": "",
        "figure": "\/1455617277903.jpg"
      },
      {
        "product_id": "4790",
        "channel_id": "3",
        "brand_id": "23",
        "p_catalog_id": "28",
        "name": "\u3010\u80fd\u91cf\u5929\u4f7f\u3011 \u8230\u961fcollection \u5317\u65b9\u6816\u59ec\u5f39\u5e55 \u73bb\u7483\u676f \u6d41\u884c\u6897",
        "cover_price": "36.00",
        "origin_price": "68.00",
        "brief": "\u9884\u552e\uff01\u9884\u8ba13\u670825\u65e5\u5de6\u53f3\u53d1\u8d27~~",
        "figure": "\/1456386709965.jpg"
      },
      {
        "product_id": "4603",
        "channel_id": "3",
        "brand_id": "34",
        "p_catalog_id": "90",
        "name": "\u3010\u80fd\u91cf\u5929\u4f7f\u3011  \u7eb8\u5dfe  \u94f6\u9b42\u9999\u70df  \u6211\u53ea\u662f\u8214\u5f97\u5feb\u4e86\u70b9\u4e86\u6240\u4ee5\u5192\u70df\u4e86~ \u6d41\u884c\u6897",
        "cover_price": "9.90",
        "origin_price": "16.50",
        "brief": "\u7ed9\u4f608000\u4e0d\u82b1\u5b8c~\u618b\u56de\u6765\uff01\u8fd9\u4e0d\u662f\u80a5\u7682 \u4e0d\u53ef\u4ee5\u7528\u6765***\u5e74\u8f7b\u4eba\u8981\u63a7\u5236\u4f4f\u6b32\u5ff5\uff01\u4e0d\u8981\u4e09\u56db\u767e,\u4e0d\u8981\u4e00\u4e8c\u767e\uff0c1piece6S \u503c\u5f97\u4f60\u62e5\u6709\uff01V+MIKU\u9a9a\u5e74\u6765\u4e00\u5305\u4f10~\uff01\u88c5\u903c\u7075 \u4e00\u5929\u4e00\u7247\u6548\u679c\u4e0d\u9519\u8fd8\u5b9e\u60e0~\uff01\u94f6\u4ed6\u5988\u5bb6\u7684XIANG\u70df\uff0c\u53ef\u4ee5\u5728\u8001\u6e7f\u9762\u524d\u62bd\u5566 ^~^\uff01",
        "figure": "\/1455619994224.jpg"
      },
      {
        "product_id": "8353",
        "channel_id": "3",
        "brand_id": "251",
        "p_catalog_id": "28",
        "name": "\u3010\u80fd\u91cf\u5929\u4f7f\u3011\u718a\u672c\u718a\u4fdd\u6e29\u676f\u52a8\u6f2b\u5468\u8fb9\u4e0d\u9508\u94a2\u6c34\u676f",
        "cover_price": "32.00",
        "origin_price": "72.00",
        "brief": "",
        "figure": "\/1469436811070.jpg"
      },
      {
        "product_id": "4237",
        "channel_id": "3",
        "brand_id": "89",
        "p_catalog_id": "17",
        "name": "\u3010\u80fd\u91cf\u5929\u4f7f\u3011\u5f39\u4e38\u8bba\u7834 \u9ed1\u767d\u718a \u906e\u9633\u4f1e \u590f\u65e5\u51fa\u884c",
        "cover_price": "59.00",
        "origin_price": "101.00",
        "brief": "",
        "figure": "\/1453692598547.jpg"
      },
      {
        "product_id": "4384",
        "channel_id": "3",
        "brand_id": "117",
        "p_catalog_id": "103",
        "name": "\u3010\u80fd\u91cf\u5929\u4f7f\u3011 \u673a\u52a8\u6218\u58eb\u9ad8\u8fbe00 \u62a5\u4e27\u5973\u5996 \u72ec\u89d2\u517d Led\u53d1\u5149 \u6982\u5ff5\u952e\u76d8 \u805a\u5212\u7b97",
        "cover_price": "138.00",
        "origin_price": "230.00",
        "brief": "\u952e\u9f20\u5957\u88c5\u8bf7\u5907\u6ce8\u6b3e\u5f0f\uff0c\u4e0d\u5907\u6ce8\u5c0f\u4ed3\u4f1a\u9ed8\u8ba4\u968f\u673a\u6b3e\u5f0f\u53d1\u8d27\u54e6~\r\n",
        "figure": "\/1455762967790.jpg"
      },
      {
        "product_id": "6098",
        "channel_id": "8",
        "brand_id": "34",
        "p_catalog_id": "91",
        "name": "\u3010\u80fd\u91cf\u5929\u4f7f\u3011\u94f6\u9b42\u5370\u82b1\u7eaf\u68c9\u9a6c\u7532\u540a\u5e26\u5f0f\u7761\u8863",
        "cover_price": "88.00",
        "origin_price": "188.00",
        "brief": "\u9884\u8ba16\u670815\u53d1\u8d27",
        "figure": "\/1461659021743.jpg"
      },
      {
        "product_id": "4249",
        "channel_id": "3",
        "brand_id": "180",
        "p_catalog_id": "26",
        "name": "\u3010\u80fd\u91cf\u5929\u4f7f\u3011 \u5e72\u7269\u59b9\u5c0f\u57cb \u571f\u95f4\u57cb\u5145\u7535\u5b9d\u6bdb\u7ed2\u516c\u4ed4\u6302\u4ef6 \u805a\u5212\u7b97",
        "cover_price": "99.00",
        "origin_price": "210.00",
        "brief": "",
        "figure": "\/1455779623117.jpg"
      },
      {
        "product_id": "4534",
        "channel_id": "12",
        "brand_id": "20",
        "p_catalog_id": "73",
        "name": "\u3010\u80fd\u91cf\u5929\u4f7f\u3011 MIKU \u96ea\u82b1\u8033\u73af",
        "cover_price": "24.00",
        "origin_price": "38.00",
        "brief": "",
        "figure": "\/1455439626138.jpg"
      },
      {
        "product_id": "5760",
        "channel_id": "8",
        "brand_id": "69",
        "p_catalog_id": "56",
        "name": "\u3010\u80fd\u91cf\u5929\u4f7f\u3011 \u602a\u7269\u730e\u4eba \u827e\u9732\u732b \u77ed\u8896T\u6064 \u5706\u9886\u7eaf\u68c9\u5bbd\u677e\u6253\u5e95\u886b",
        "cover_price": "88.00",
        "origin_price": "170.00",
        "brief": "",
        "figure": "\/1459492756125.jpg"
      },
      {
        "product_id": "6101",
        "channel_id": "8",
        "brand_id": "23",
        "p_catalog_id": "91",
        "name": "\u3010\u80fd\u91cf\u5929\u4f7f\u3011\u8230\u961fcollection\u8230\u5a18 \u5317\u65b9\u6816\u59ec \u9a6c\u7532\u88d9\u540a\u5e26\u88d9\u7761\u8863",
        "cover_price": "78.00",
        "origin_price": "160.00",
        "brief": "",
        "figure": "\/1461660501470.jpg"
      }
    ],
    "catalog_data": false,
    "brand_data": false,
    "is_recommended": "0"
  }
}