{
  "code": 200,
  "msg": "\u8bf7\u6c42\u6210\u529f",
  "result": {
    "page_data": [
      {
        "product_id": "8868",
        "channel_id": "8",
        "brand_id": "450",
        "p_catalog_id": "12",
        "name": "\u9884\u552e \u3010Ever Tales\u3011\u4e2d\u534e\u98ce-\u9e64\u5f52-lolita\u6d0b\u88c5-JSK\u8fde\u8863\u88d9",
        "cover_price": "418.00",
        "origin_price": "418.00",
        "brief": "\u5168\u6b3e\u9884\u552e\uff01\uff01\u9884\u552e\u671f\u81f39\u67085\u65e5\uff0c\u5236\u4f5c\u5de5\u671f\u7ea660\u65e5\uff0c11\u6708\u4e2d\u4e0b\u65ec\u53d1\u8d27\u3002",
        "figure": "\/1471832397944.jpg"
      },
      {
        "product_id": "8705",
        "channel_id": "8",
        "brand_id": "5",
        "p_catalog_id": "55",
        "name": "\u5927\u8d27\u5236\u4f5c\u4e2d\u3010\u65f6\u4e4b\u7802lolita\u6d0b\u88c5\u3011\u91d1\u9c7c\u59ec\u886c\u8863\u3010\u5c55\u793a\u3011",
        "cover_price": "999.00",
        "origin_price": "999.00",
        "brief": "\u3010\u91d1\u9c7c\u59ec\u3011 \u6539\u826f\u548c\u98ce\u3001\u5929\u4f7f\u632f\u8896\u3001\u8774\u8776\u7ed3\u3001\u6d41\u82cf\u3001\u76d8\u6263\uff0c\u53ef\u642d\u914d\u767d\u663c\u68a6\u548c\u670d\u88b4\uff0c5\u5904\u523a\u7ee3\uff0c4\u5904\u5927\u9762\u79ef\u523a\u7ee3\/\u53cc\u9762\u523a\u7ee3\u6210\u672c\u5f88\u9ad8\uff0c\u5927\u8d27\u9762\u6599\u91c7\u7528\u94f6\u4e1d\u7af9\u8282\u68c9 \uff08\u7eaf\u68c9\uff09\u8fdb\u53e3\u6377\u514b\u6c34\u6676\u540a\u5760\u3001\u739b\u7459\u6563\u73e0\u3001\u7f0e\u9762\u8774\u8776\u7ed3\u3002\u672c\u5546\u54c1\u76ee\u524d\u662f\u9884\u552e\uff0c\u5168\u6b3e298\u5143\uff0c\u9884\u552e\u65f6\u95f42016\u5e747\u6708\u81f39\u670830\u65e5\uff0c\u53d1\u8d27\u65f6\u95f411\u670815\u65e5\u81f311\u670830\u65e5\u3002\u6ce8\uff1a\u672c\u5546\u54c1\u4ece10\u6708\u4efd\u8d77\u4ef7\u683c\u4f1a\u8c03\u6574\u4e3a\u73b0\u8d27\u4ef7\u683c\uff08\u5c11\u91cf\u6389\u843d\uff09\uff0c\u73b0\u8d27\u4ef7\u683c\u4e3a368RMB\u3002",
        "figure": "\/supplier\/1470994412753.jpg"
      },
      {
        "product_id": "3005",
        "channel_id": "8",
        "brand_id": "266",
        "p_catalog_id": "12",
        "name": "\u3010Neverland\u3011\u539f\u521b lolita\u6d0b\u88c5-X'mas Deer\u5723\u8bde\u5c0f\u9e7f\u80cc\u5e26SK",
        "cover_price": "235.84",
        "origin_price": "268.00",
        "brief": "\u5b9a\u5236\u65f6\u95f4\u7ea645\u65e5\u5de6\u53f3",
        "figure": "\/1448336885329.jpg"
      },
      {
        "product_id": "7064",
        "channel_id": "8",
        "brand_id": "383",
        "p_catalog_id": "84",
        "name": "\u3010KIKISS\u3011\u539f\u521b\u82b1\u7eb9 lolita \u6d0b\u88c5 \u8f6f\u59b9 \u767e\u642d\u70eb\u91d1 \u8537\u8587 \u67c4\u4e1d\u889c",
        "cover_price": "31.20",
        "origin_price": "39.00",
        "brief": "",
        "figure": "\/1465973714433.jpg"
      },
      {
        "product_id": "8869",
        "channel_id": "8",
        "brand_id": "450",
        "p_catalog_id": "71",
        "name": "\u9884\u552e \u3010Ever Tales\u3011 \u4e2d\u534e\u98ce-\u9e64\u5f52-lolita\u6d0b\u88c5-\u62ab\u80a9",
        "cover_price": "168.00",
        "origin_price": "168.00",
        "brief": "\u5168\u6b3e\u9884\u552e\uff01\uff01\u9884\u552e\u671f\u81f39\u67085\u65e5\uff0c\u5236\u4f5c\u5de5\u671f\u7ea660\u65e5\uff0c11\u6708\u4e2d\u4e0b\u65ec\u53d1\u8d27\u3002",
        "figure": "\/1471834004439.jpg"
      },
      {
        "product_id": "8183",
        "channel_id": "6",
        "brand_id": "435",
        "p_catalog_id": "10",
        "name": "\u3010\u5c11\u91cf\u73b0\u8d27\u3011\u3010\u6eaa\u6708\u5170\u5fc3\u3011\u4e2d\u534e\u98ce\u6d0b\u88c5  \u53e4\u98ce\u5143\u7d20\u5957\u88c5\u88d9 \u8336\u4ed9\u9752\u74f7\u00b7\u9edb\u84dd \u4e00\u56e2\u5f81\u96c6",
        "cover_price": "294.40",
        "origin_price": "368.00",
        "brief": "\u3010\u5c11\u91cf\u73b0\u8d27\u3011\u4e00\u56e2\u5f81\u96c6\u4f18\u60e0\u4ef7\uff1a\u4e0a\u8eab160\u5143 \u4e0b\u88d9208\u5143\uff0c\u4e00\u5957368\u5143\u3002\u4e00\u5957\u542b\u4e0a\u8863\u3001\u53ef\u62c6\u4e91\u80a9\u3001\u4e0b\u88d9\u3002\u4e0d\u542b\u5934\u9970\u3001\u978b\u5b50\u3001\u5305\u5305\u3002",
        "figure": "\/1469153160526.jpg"
      },
      {
        "product_id": "10535",
        "channel_id": "8",
        "brand_id": "482",
        "p_catalog_id": "12",
        "name": "\u3010This-Time\u6d0b\u88c5\u3011\u3010\u82ad\u857e\u7cfb\u5217\u2014\u2014\u831c\u5c14\u7ef4\u5a05\u3011Lolita jsk \u8fde\u8863\u88d9",
        "cover_price": "450.00",
        "origin_price": "450.00",
        "brief": "",
        "figure": "\/1478576247598.jpg"
      },
      {
        "product_id": "10539",
        "channel_id": "8",
        "brand_id": "482",
        "p_catalog_id": "12",
        "name": "\u3010This-Time\u6d0b\u88c5\u3011-\u9f99\u7684\u5b9d\u85cf\u95f4-\u504f\u751c\u65e5\u5e38\u6b3e lolita \u8fde\u8863\u88d9 JSK",
        "cover_price": "430.00",
        "origin_price": "430.00",
        "brief": "",
        "figure": "\/1478586404573.jpg"
      },
      {
        "product_id": "10538",
        "channel_id": "8",
        "brand_id": "482",
        "p_catalog_id": "12",
        "name": "\u3010This-Time\u6d0b\u88c5\u3011-\u9f99\u7684\u5b9d\u85cf\u95f4-\u504f\u751c\u65e5\u5e38\u6b3e lolita \u8fde\u8863\u88d9 OP",
        "cover_price": "430.00",
        "origin_price": "430.00",
        "brief": "",
        "figure": "\/1478577358795.jpg"
      },
      {
        "product_id": "8652",
        "channel_id": "8",
        "brand_id": "309",
        "p_catalog_id": "71",
        "name": "\u3010\u5341\u91cc\u4e39\u9752\u3011\u539f\u521blolita\u6d0b\u88c5 \u68ee\u6797\u7cbe\u7075 \u7f69\u7eb1",
        "cover_price": "168.00",
        "origin_price": "168.00",
        "brief": "",
        "figure": "\/1470796463083.jpg"
      },
      {
        "product_id": "1752",
        "channel_id": "12",
        "brand_id": "3",
        "p_catalog_id": "73",
        "name": "\u5251\u7f513\u95e8\u6d3e\u884d\u751f\u540c\u4eba\u539f\u521b\u624b\u94fe ",
        "cover_price": "68.00",
        "origin_price": "68.00",
        "brief": "",
        "figure": "\/1450754469244.jpg"
      },
      {
        "product_id": "3269",
        "channel_id": "4",
        "brand_id": "3",
        "p_catalog_id": "90",
        "name": "[\u781a\u6c60\u5de5\u4f5c\u5ba4]\u5251\u4e09\u5468\u8fb9\u95e8\u6d3e\u53e4\u98ce\u539f\u521b\u72ec\u5bb6\u624b\u5de5\u5b9a\u5236\u53d1\u5149\u5c0f\u591c\u706f",
        "cover_price": "68.00",
        "origin_price": "68.00",
        "brief": "\u4e0d\u5305\u542b\u63d0\u624b~\u4e0d\u5305\u542b\u63d0\u624b~\u4e0d\u5305\u542b\u63d0\u624b~OVO \u91cd\u8981\u7684si\u60c5\u55e6\u4e09\u904d~~~ \u5de5\u671f\u4e3a5-10\u4e2a\u5de5\u4f5c\u65e5~\r\n",
        "figure": "\/1449219464141.jpg"
      },
      {
        "product_id": "4947",
        "channel_id": "8",
        "brand_id": "5",
        "p_catalog_id": "71",
        "name": "\u3010USEE\u54df\u559c\u3011 \u539f\u521b\u7eb9\u8eab\u8d34\u9632\u6c34 \u9ed1\u767d\u5f69\u8272\u6301\u4e45\u7537\u5973\u68ee\u5973\u8774\u8776\u9e7f \u7279\u60e0\u5957\u88c5",
        "cover_price": "22.00",
        "origin_price": "22.00",
        "brief": "",
        "figure": "\/1467361365770.jpg"
      },
      {
        "product_id": "3209",
        "channel_id": "4",
        "brand_id": "3",
        "p_catalog_id": "26",
        "name": "[\u781a\u6c60\u5de5\u4f5c\u5ba4] \u5251\u7f513 \u5251\u4e09\u5468\u8fb9\u95e8\u6d3e\u53e4\u98ce\u539f\u521b\u72ec\u5bb6\u624b\u5de5\u5b9a\u5236\u793c\u7269\u6728\u8d28\u5361\u5957",
        "cover_price": "26.40",
        "origin_price": "30.00",
        "brief": "",
        "figure": "\/1449134007474.jpg"
      },
      {
        "product_id": "6969",
        "channel_id": "8",
        "brand_id": "403",
        "p_catalog_id": "29",
        "name": "\u3010\u6d89\u5ddd\u539f\u521b\u3011\u5468\u8fb9\u5c0f\u7269 \u624b\u611f\u8d85\u597d\u8d85\u840c\u7684\u5154\u6bdb\u5c0f\u5154\u7eb8\u5305\u6302\/\u6bdb\u7ed2\u73a9\u5076",
        "cover_price": "68.00",
        "origin_price": "68.00",
        "brief": "\u5154\u5154\u521a\u5230\u624b\u4f1a\u6709\u6d6e\u6bdb\uff0c\u591a\u62cd\u62cd\u6296\u6296\u5439\u5439\u63c9\u63c9\u5c31\u597d\u5566(",
        "figure": "\/1465620442251.jpg"
      },
      {
        "product_id": "4628",
        "channel_id": "8",
        "brand_id": "5",
        "p_catalog_id": "56",
        "name": "\u3010\u6f2b\u8e2a\u3011 \u539f\u521b\u53ef\u7231\u840c\u732b\u54aa\u5927\u4eba \u7acb\u4f53\u732b\u5c3eT\u6064 \u857e\u4e1d\u82b1\u8fb9\u5973",
        "cover_price": "79.00",
        "origin_price": "142.00",
        "brief": "",
        "figure": "\/1461571069605.jpg"
      },
      {
        "product_id": "589",
        "channel_id": "8",
        "brand_id": "266",
        "p_catalog_id": "12",
        "name": "\u5b9a\u5236\u3010Neverland \u539f\u521b\u3011\u76f4\u53d1 \u70eb\u91d1lolita \u4eba\u9c7c\u4e4b\u6b4c \u9ad8\u8170JSK\u8fde\u8863\u88d9",
        "cover_price": "403.04",
        "origin_price": "458.00",
        "brief": "45\u5929\u5de5\u671f",
        "figure": "\/1438772068067.jpg"
      },
      {
        "product_id": "3212",
        "channel_id": "4",
        "brand_id": "3",
        "p_catalog_id": "90",
        "name": "[\u781a\u6c60\u5de5\u4f5c\u5ba4] \u5251\u7f513 \u5251\u4e09\u5468\u8fb9\u95e8\u6d3e\u539f\u521b\u8bbe\u8ba1\u53ef\u8c03\u5149\u5145\u7535\u53f0\u706f\u3010\u4e4c\u591c\u557c\u3011",
        "cover_price": "202.40",
        "origin_price": "230.00",
        "brief": "\u6b64\u4e3a\u4e0b\u5355\u5b9a\u5236\u3002\u5de5\u671f7-10\u5929\u3002\u7531\u781a\u6c60\u53d1\u8d27\u3002\u975e\u8d28\u91cf\u95ee\u9898\u4e0b\u5355\u4e0d\u4f5c\u9000\u6362\u3002",
        "figure": "\/1474971558864.jpg"
      },
      {
        "product_id": "6981",
        "channel_id": "8",
        "brand_id": "5",
        "p_catalog_id": "84",
        "name": "\u3010\u539f\u521b\u77ed\u889c\u3011\u8f6f\u59b9\u5973\u889c \u539f\u521b \u523a\u7ee3\u889c\u5b50 \u767e\u642d \u5c11\u5973\u5fc3 jk\u65e5\u5e38",
        "cover_price": "6.90",
        "origin_price": "6.90",
        "brief": "",
        "figure": "\/1465959861797.jpg"
      },
      {
        "product_id": "5",
        "channel_id": "4",
        "brand_id": "3",
        "p_catalog_id": "26",
        "name": "\u3010\u884d\u751f\u539f\u521b\u3011\u5251\u4fa0\u60c5\u7f18\u53c1 \u5251\u7f513 \u5251\u4e09\u62a4\u8eab\u7b26\u9999\u5305 \u6302\u4ef6 \u5fa1\u5b88",
        "cover_price": "13.00",
        "origin_price": "13.00",
        "brief": "\u51fa\u54c1\uff1a\u55b5\u53fd\u53fd\u53fd\u5927\u8054\u840c",
        "figure": "\/1429840421737.jpg"
      }
    ],
    "catalog_data": false,
    "brand_data": false,
    "is_recommended": "1"
  }
}