{
  "code": 200,
  "msg": "\u8bf7\u6c42\u6210\u529f",
  "result": {
    "page_data": [
      {
        "product_id": "4326",
        "channel_id": "3",
        "brand_id": "308",
        "p_catalog_id": "25",
        "name": "\u3010FUNKO\u3011\u6b63\u7248 pop  \u5351\u9119\u7684\u6211 \u5c0f\u9ec4\u4eba\u5916\u4f20\u5927\u773c\u840c \u76d2\u86cb\u5957\u88c5",
        "cover_price": "58.00",
        "origin_price": "128.00",
        "brief": "",
        "figure": "\/1453954210885.jpg"
      },
      {
        "product_id": "4292",
        "channel_id": "13",
        "brand_id": "308",
        "p_catalog_id": "48",
        "name": "\u3010FUNKO\u3011\u6b63\u7248 pop\u661f\u7403\u5927\u62187\u539f\u529b\u89c9\u9192 \u673a\u5668\u4ebaBB-8\u624b\u529e",
        "cover_price": "75.00",
        "origin_price": "128.00",
        "brief": "",
        "figure": "\/1453800011829.jpg"
      },
      {
        "product_id": "5104",
        "channel_id": "13",
        "brand_id": "308",
        "p_catalog_id": "48",
        "name": "\u3010FUNKO\u3011  POP \u706b\u5f71\u5fcd\u8005 \u6f29\u6da1\u9e23\u4eba \u6a21\u578b",
        "cover_price": "79.00",
        "origin_price": "88.00",
        "brief": "",
        "figure": "\/1457323096680.jpg"
      },
      {
        "product_id": "4353",
        "channel_id": "13",
        "brand_id": "308",
        "p_catalog_id": "48",
        "name": "\u3010FUNKO\u3011 \u6b63\u7248 pop\u8fea\u58eb\u5c3c \u661f\u9645\u5b9d\u8d1d \u53f2\u8fea\u5947\u624b\u529e",
        "cover_price": "75.00",
        "origin_price": "128.00",
        "brief": "",
        "figure": "\/1453973020061.jpg"
      },
      {
        "product_id": "5105",
        "channel_id": "13",
        "brand_id": "308",
        "p_catalog_id": "48",
        "name": "\u3010FUNKO\u3011  POP \u706b\u5f71\u5fcd\u8005 \u5b87\u667a\u6ce2\u4f50\u52a9 \u6a21\u578b",
        "cover_price": "88.00",
        "origin_price": "128.00",
        "brief": "",
        "figure": "\/1457323196217.jpg"
      },
      {
        "product_id": "4304",
        "channel_id": "13",
        "brand_id": "308",
        "p_catalog_id": "48",
        "name": "\u3010FUNKO\u3011\u6b63\u7248 POP\u661f\u7403\u5927\u6218 R2-D2\u673a\u5668\u4eba\u624b\u529e",
        "cover_price": "75.00",
        "origin_price": "128.00",
        "brief": "",
        "figure": "\/1453803545242.jpg"
      },
      {
        "product_id": "4338",
        "channel_id": "13",
        "brand_id": "308",
        "p_catalog_id": "48",
        "name": "\u3010FUNKO\u3011 \u6b63\u7248 pop \u9b54\u517d\u4e16\u754c \u5deb\u5996\u738b \u963f\u5c14\u8428\u65af \u624b\u529e",
        "cover_price": "75.00",
        "origin_price": "128.00",
        "brief": "",
        "figure": "\/1453965346657.jpg"
      },
      {
        "product_id": "4340",
        "channel_id": "13",
        "brand_id": "308",
        "p_catalog_id": "48",
        "name": "\u3010FUNKO\u3011\u6b63\u7248 pop \u9b54\u517d\u4e16\u754c \u5e0c\u5c14\u74e6\u5a1c\u65af \u624b\u529e",
        "cover_price": "75.00",
        "origin_price": "128.00",
        "brief": "",
        "figure": "\/1453965821848.jpg"
      },
      {
        "product_id": "4309",
        "channel_id": "13",
        "brand_id": "308",
        "p_catalog_id": "48",
        "name": "\u3010FUNKO\u3011 \u6b63\u7248 pop \u897f\u6e38\u8bb0 \u5b59\u609f\u7a7a \u624b\u529e",
        "cover_price": "75.00",
        "origin_price": "128.00",
        "brief": "",
        "figure": "\/1453808814639.jpg"
      },
      {
        "product_id": "4339",
        "channel_id": "13",
        "brand_id": "308",
        "p_catalog_id": "48",
        "name": "\u3010FUNKO\u3011\u6b63\u7248 pop \u9b54\u517d\u4e16\u754c \u8428\u5c14 \u624b\u529e",
        "cover_price": "75.00",
        "origin_price": "128.00",
        "brief": "",
        "figure": "\/1453965598031.jpg"
      },
      {
        "product_id": "4352",
        "channel_id": "13",
        "brand_id": "308",
        "p_catalog_id": "48",
        "name": "\u3010FUNKO\u3011\u6b63\u7248 POP \u661f\u9645\u5b9d\u8d1d \u732b\u738b\u53f2\u8fea\u5947 \u624b\u529e",
        "cover_price": "75.00",
        "origin_price": "128.00",
        "brief": "",
        "figure": "\/1453972512018.jpg"
      },
      {
        "product_id": "4293",
        "channel_id": "13",
        "brand_id": "308",
        "p_catalog_id": "48",
        "name": "\u3010FUNKO\u3011 \u6b63\u7248 POP\u661f\u7403\u5927\u62187 \u9ed1\u6b66\u58eb\u8fbe\u65af\u7ef4\u8fbe\u624b\u529e",
        "cover_price": "75.00",
        "origin_price": "128.00",
        "brief": "",
        "figure": "\/1453801249769.jpg"
      },
      {
        "product_id": "4354",
        "channel_id": "13",
        "brand_id": "308",
        "p_catalog_id": "48",
        "name": "\u3010FUNKO\u3011 \u6b63\u7248  pop \u8d85\u80fd\u9646\u6218\u961f \u5927\u767d\u624b\u529e",
        "cover_price": "108.00",
        "origin_price": "140.00",
        "brief": "",
        "figure": "\/1453973531623.jpg"
      },
      {
        "product_id": "4306",
        "channel_id": "13",
        "brand_id": "308",
        "p_catalog_id": "48",
        "name": "\u3010FUNKO\u3011 \u6b63\u7248 pop \u529f\u592b\u718a\u732b \u963f\u5b9d\u624b\u529e",
        "cover_price": "88.00",
        "origin_price": "128.00",
        "brief": "",
        "figure": "\/1453808102031.jpg"
      },
      {
        "product_id": "4308",
        "channel_id": "13",
        "brand_id": "308",
        "p_catalog_id": "48",
        "name": "\u3010FUNKO\u3011 \u6b63\u7248 pop \u529f\u592b\u718a\u732b \u608d\u5a07\u864e \u624b\u529e",
        "cover_price": "88.00",
        "origin_price": "128.00",
        "brief": "",
        "figure": "\/1453808433909.jpg"
      },
      {
        "product_id": "4296",
        "channel_id": "13",
        "brand_id": "308",
        "p_catalog_id": "48",
        "name": "\u3010FUNKO\u3011\u6b63\u7248 pop \u661f\u7403\u5927\u62187 \u514b\u9686\u4eba\u767d\u5175\u624b\u529e",
        "cover_price": "75.00",
        "origin_price": "128.00",
        "brief": "",
        "figure": "\/1453801322543.jpg"
      },
      {
        "product_id": "5296",
        "channel_id": "13",
        "brand_id": "308",
        "p_catalog_id": "48",
        "name": "\u3010FUNKO\u3011\u6b63\u7248 pop \u65e5\u672c\u7ae5\u8bdd \u6a31\u5b50 \u624b\u529e",
        "cover_price": "75.00",
        "origin_price": "125.00",
        "brief": "",
        "figure": "\/1458044708337.jpg"
      },
      {
        "product_id": "4325",
        "channel_id": "13",
        "brand_id": "308",
        "p_catalog_id": "48",
        "name": "\u3010FUNKO\u3011\u6b63\u7248 pop \u5351\u9119\u7684\u62112 \u5c0f\u9ec4\u4eba\u5361\u5c14 \u624b\u529e",
        "cover_price": "67.00",
        "origin_price": "75.00",
        "brief": "",
        "figure": "\/1458101262670.jpg"
      },
      {
        "product_id": "4324",
        "channel_id": "13",
        "brand_id": "308",
        "p_catalog_id": "48",
        "name": "\u3010FUNKO\u3011 \u6b63\u7248 pop \u5351\u9119\u7684\u62112 \u5c0f\u9ec4\u4eba\u6234\u592b \u624b\u529e",
        "cover_price": "67.00",
        "origin_price": "75.00",
        "brief": "",
        "figure": "\/1453952341385.jpg"
      },
      {
        "product_id": "4322",
        "channel_id": "13",
        "brand_id": "308",
        "p_catalog_id": "48",
        "name": "\u3010FUNKO\u3011\u6b63\u7248 pop \u4e07\u4e07\u6ca1\u60f3\u5230 \u7535\u5f71\u7cfb\u5217 \u738b\u5927\u9524 \u624b\u529e",
        "cover_price": "75.00",
        "origin_price": "128.00",
        "brief": "",
        "figure": "\/1453951153356.jpg"
      }
    ],
    "catalog_data": false,
    "brand_data": false,
    "is_recommended": "0"
  }
}