{
  "code": 200,
  "msg": "\u8bf7\u6c42\u6210\u529f",
  "result": {
    "page_data": [
      {
        "product_id": "4425",
        "channel_id": "13",
        "brand_id": "16",
        "p_catalog_id": "48",
        "name": "\u3010\u96ea\u732b\u4e00\u65cf\u3011Aquamarine Fate \u6a31Saber \u51b2\u7530\u603b\u53f8ver. \u624b\u529e \u5168\u6b3e\u9884\u8ba2",
        "cover_price": "691.00",
        "origin_price": "691.00",
        "brief": "\u5df2\u9884\u8ba2\u7684\u5c0f\u4f19\u4f34\u4e0d\u8981\u7740\u6025\uff0c\u73b0\u8d27\u5927\u69827-8\u6708\u4efd\u5230\u8d27\r\n",
        "figure": "\/1454396556530.jpg"
      },
      {
        "product_id": "2733",
        "channel_id": "13",
        "brand_id": "306",
        "p_catalog_id": "48",
        "name": "\u3010\u96ea\u732b\u4e00\u65cf\u3011GSC OR \u5200\u5251\u4e71\u821e \u4e00\u671f\u4e00\u632f \u7c98\u571f\u4eba\u3010\u5168\u6b3e\u9884\u5b9a\u3011",
        "cover_price": "191.00",
        "origin_price": "191.00",
        "brief": "\u672c\u5546\u54c1\u4e3a\u5168\u6b3e\u9884\u5b9a\uff0c\u51fa\u58f3\u65e5\u671f2016\u5e745\u6708",
        "figure": "\/1447398070224.jpg"
      },
      {
        "product_id": "4426",
        "channel_id": "13",
        "brand_id": "16",
        "p_catalog_id": "48",
        "name": "\u3010\u96ea\u732b\u4e00\u65cf\u3011ANIPLEX Fate UBW \u8fdc\u5742\u51db Archer\u670d\u88c5ver. 1\/7 \u5168\u6b3e\u9884\u8ba2",
        "cover_price": "720.00",
        "origin_price": "720.00",
        "brief": "",
        "figure": "\/1454397344369.jpg"
      }
    ],
    "catalog_data": false,
    "brand_data": false,
    "is_recommended": "0"
  }
}