{
  "code": 200,
  "msg": "\u8bf7\u6c42\u6210\u529f",
  "result": {
    "page_data": [
      {
        "product_id": "8652",
        "channel_id": "8",
        "brand_id": "309",
        "p_catalog_id": "71",
        "name": "\u3010\u5341\u91cc\u4e39\u9752\u3011\u539f\u521blolita\u6d0b\u88c5 \u68ee\u6797\u7cbe\u7075 \u7f69\u7eb1",
        "cover_price": "168.00",
        "origin_price": "168.00",
        "brief": "",
        "figure": "\/1470796463083.jpg"
      },
      {
        "product_id": "8647",
        "channel_id": "8",
        "brand_id": "309",
        "p_catalog_id": "12",
        "name": "\u3010\u5341\u91cc\u4e39\u9752\u3011\u539f\u521blolita\u6d0b\u88c5 \u68ee\u6797\u7cbe\u7075 OP \u8fde\u8863\u88d9",
        "cover_price": "498.00",
        "origin_price": "498.00",
        "brief": "",
        "figure": "\/1470793682870.jpg"
      },
      {
        "product_id": "8649",
        "channel_id": "8",
        "brand_id": "309",
        "p_catalog_id": "61",
        "name": "\u3010\u5341\u91cc\u4e39\u9752\u3011\u539f\u521blolita\u6d0b\u88c5 \u68ee\u6797\u7cbe\u7075 SK \u534a\u8eab\u88d9",
        "cover_price": "268.00",
        "origin_price": "268.00",
        "brief": "",
        "figure": "\/1470794437494.jpg"
      },
      {
        "product_id": "8648",
        "channel_id": "8",
        "brand_id": "309",
        "p_catalog_id": "12",
        "name": "\u3010\u5341\u91cc\u4e39\u9752\u3011\u539f\u521blolita\u6d0b\u88c5 \u68ee\u6797\u7cbe\u7075 JSK \u8fde\u8863\u88d9",
        "cover_price": "458.00",
        "origin_price": "458.00",
        "brief": "",
        "figure": "\/1470794135000.jpg"
      },
      {
        "product_id": "9804",
        "channel_id": "8",
        "brand_id": "309",
        "p_catalog_id": "12",
        "name": "\u3010\u5341\u91cc\u4e39\u9752\u3011\u539f\u521b\u6c49\u5143\u7d20\u4e2d\u534e\u98ce lolita\u6d0b\u88c5\u8fde\u8863\u88d9",
        "cover_price": "368.00",
        "origin_price": "368.00",
        "brief": "",
        "figure": "\/1476330686974.jpg"
      }
    ],
    "catalog_data": false,
    "brand_data": false,
    "is_recommended": "0"
  }
}