{
  "code": 200,
  "msg": "\u8bf7\u6c42\u6210\u529f",
  "result": {
    "page_data": [
      {
        "product_id": "2779",
        "channel_id": "3",
        "brand_id": "78",
        "p_catalog_id": "33",
        "name": "\u3010\u7edd\u5bf9\u840c\u57df\u3011\u6b63\u7248 Vsinger \u6d1b\u5929\u4f9d\\\u4e50\u6b63\u7eeb\\\u8a00\u548c \u900f\u660eA4\u6587\u4ef6\u5939",
        "cover_price": "50.00",
        "origin_price": "50.00",
        "brief": "\u7edd\u5bf9\u840c\u57df\u643a\u624bVsinger\uff0c\u63a8\u51fa\u6b4c\u59ec\u7cfb\u5217\u5355\u7247\u6587\u4ef6\u5939\u3002\u5e73\u65f6\u7684\u8bd5\u5377\u3001\u9700\u8981\u586b\u5199\u7684\u5404\u7c7b\u8868\u683c\u3001\u91cd\u8981\u6587\u4ef6\u7b49\u7b49\uff0c\u653e\u8fdb\u6587\u4ef6\u5939\u59a5\u5584\u4fdd\u7ba1\uff0c\u968f\u53d6\u968f\u7528\u4e0d\u5fc5\u4e1c\u7ffb\u897f\u627e\u3002\u6d1b\u5929\u4f9d\u3001\u4e50\u6b63\u7eeb\u3001\u8a00\u548c\u4e09\u79cd\u6b3e\u5f0f\u53ef\u4f9b\u9009\u62e9\uff0c\u96c6\u9f50\u5168\u5957\u4e09\u6b3e\u52a0\u9001\u7cbe\u7f8e\u5305\u88c5\uff0c\u6574\u7406\u6587\u4ef6\u66f4\u65b9\u4fbf\uff0c\u4ef7\u683c\u4e5f\u4f1a\u4f18\u60e0\u5662\uff5e",
        "figure": "\/1447495490753.jpg"
      },
      {
        "product_id": "2070",
        "channel_id": "8",
        "brand_id": "35",
        "p_catalog_id": "65",
        "name": "\u3010\u7edd\u5bf9\u840c\u57df\u3011\u6697\u6740\u6559\u5ba4 \u6740\u8001\u5e08 \u62c9\u94fe\u7eaf\u68c9\u957f\u8896\u8fde\u5e3d\u536b\u8863\u5916\u5957\u79cb\u51ac",
        "cover_price": "139.00",
        "origin_price": "139.00",
        "brief": "",
        "figure": "\/1449916394423.jpg"
      },
      {
        "product_id": "1603",
        "channel_id": "3",
        "brand_id": "17",
        "p_catalog_id": "83",
        "name": "\u3010\u7edd\u5bf9\u840c\u57df\u3011\u8fdb\u51fb\u7684\u5de8\u4eba \u5175\u957f \u5229\u5a01\u5c14 \u7b49\u8eab\u62b1\u6795 \u6795\u5957",
        "cover_price": "148.00",
        "origin_price": "198.00",
        "brief": "\u4e0d\u542b\u6795\u82af\uff01\r\n\r\n\u5b9a\u5236\u5de5\u671f\u4e3a3-7\u4e2a\u5de5\u4f5c\u65e5\uff0c\u6211\u4eec\u5c06\u5c3d\u5feb\u53d1\u8d27\u54e6\uff01(\u3065\uffe3 3\uffe3)\u3065~\u2665",
        "figure": "\/1442905884037.jpg"
      },
      {
        "product_id": "6972",
        "channel_id": "3",
        "brand_id": "363",
        "p_catalog_id": "90",
        "name": "\u9884\u552e \u3010\u7edd\u5bf9\u840c\u57df\u3011 RE:\u4ece\u96f6\u5f00\u59cb\u7684\u5f02\u4e16\u754c\u751f\u6d3b \u7cbe\u7075 \u5e15\u514b \u4e9a\u514b\u529b\u624b\u673a\u652f\u67b6",
        "cover_price": "28.80",
        "origin_price": "49.80",
        "brief": "\u61d2\u764c\u60a3\u8005\u4e0d\u60f3\u4e3e\u7740\u624b\u673a\u770b\u89c6\u9891\uff1f\u5403\u996d\u65f6\u770b\u52a8\u753b\uff0c\u817e\u4e0d\u51fa\u624b\u63e1\u624b\u673a\uff1f\u5e73\u677f\u7535\u8111\u592a\u91cd\u624b\u9178\u4e86\uff1f\u53ea\u8981\u62e5\u6709\u8fd9\u4e2a\u5c0f\u9053\u5177\uff0c\u95ee\u9898\u8fce\u5203\u800c\u89e3\uff01RE\uff1a0\u52a8\u753b\u7684\u732b\u732b\u7cbe\u7075\u5e15\u514b\u624b\u673a\u652f\u67b6\uff0c\u8fde\u63a5\u5e95\u5ea7\u540e\u7a33\u7a33\u7ad9\u7acb\uff0c\u8ba9\u4f60\u7684\u624b\u673a\u548c\u5e73\u677f\u53d8\u6210\u5c0f\u7535\u89c6\uff0c\u5f7b\u5e95\u89e3\u653e\u53cc\u624b~\u5254\u900f\u5149\u4eae\u7684\u4e9a\u514b\u529b\u73bb\u7483\u6750\u8d28\uff0c\u5e73\u65f6\u653e\u5728\u684c\u4e0a\u4e5f\u662f\u4e00\u4ef6\u53ef\u7231\u7684\u88c5\u9970\u54c1\u3002\r\n",
        "figure": "\/1465699761117.jpg"
      },
      {
        "product_id": "2401",
        "channel_id": "4",
        "brand_id": "23",
        "p_catalog_id": "74",
        "name": "\u3010\u7edd\u5bf9\u840c\u57df\u3011\u8230\u961fcollection \u8230\u5a18 \u5c9b\u98ce \u4f11\u95f2\u9ad8\u5e2e\u5e06\u5e03\u978b",
        "cover_price": "189.00",
        "origin_price": "189.00",
        "brief": "",
        "figure": "\/1445565184788.jpg"
      },
      {
        "product_id": "3639",
        "channel_id": "3",
        "brand_id": "31",
        "p_catalog_id": "74",
        "name": "\u3010\u7edd\u5bf9\u840c\u57df\u3011\u65e0\u5934\u9a91\u58eb\u5f02\u95fb\u5f55 \u7537\u5973\u4f11\u95f2\u978b \u76ae\u9762\u9ad8\u5e2e\u978b\u5b50",
        "cover_price": "320.00",
        "origin_price": "386.00",
        "brief": "\u52a8\u6f2b\u8ff7\u5fc5\u7a7f\u7684\u978b\u5b50~\u65e0\u5934\u9a91\u58eb\u5f02\u95fb\u5f55\u4e3b\u9898\uff0c\u8fd8\u539f\u52a8\u753b\u7684\u8857\u5934\u98ce\u683c\uff0c\u978b\u5b50\u5916\u89c2\u5f3a\u8c03\u201c\u9177\u201d\u7684\u611f\u89c9\uff0c\u5c06\u52a8\u6f2b\u5143\u7d20\u4e0d\u7ecf\u610f\u95f4\u878d\u5165\u521b\u4f5c\u3002\u9ad8\u6863PU\u76ae\u978b\u9762\uff0c\u8868\u9762\u5149\u4eae\u7f8e\u89c2\u3001\u5f88\u4e0a\u6863\u6b21\u3002\u76f8\u6bd4\u666e\u901a\u5e06\u5e03\u978b\u9762\uff0c\u5168\u76ae\u9762\u978b\u5b50\u66f4\u52a0\u4fdd\u6696\u3002\u978b\u5e95\u67d4\u8f6f\u7a7f\u7740\u8212\u9002\uff0c\u786b\u5316\u5de5\u827a\u4ee4\u978b\u5e95\u548c\u978b\u5e2e\u7ed3\u5408\u7262\u56fa\uff0c\u9ad8\u5f3a\u5ea6\u3001\u9ad8\u5f39\u6027\u3001\u6297\u5f2f\u6298\uff0c\u65e0\u8bba\u901b\u8857\u800d\u5e05\u6216\u4f53\u80b2\u953b\u70bc\u90fd\u66f4\u6709\u81ea\u4fe1\u3002\r\n",
        "figure": "\/1450865226075.jpg"
      },
      {
        "product_id": "2532",
        "channel_id": "3",
        "brand_id": "89",
        "p_catalog_id": "74",
        "name": "\u3010\u7edd\u5bf9\u840c\u57df\u3011\u5f39\u4e38\u8bba\u7834 \u9ed1\u767d\u718a \u5c45\u5bb6\u7537\u5973\u6bdb\u7ed2\u5a03\u5a03\u68c9\u62d6\u978b\u5b50\u51ac\u5b63",
        "cover_price": "66.00",
        "origin_price": "66.00",
        "brief": "",
        "figure": "\/1446174344992.jpg"
      },
      {
        "product_id": "1855",
        "channel_id": "3",
        "brand_id": "180",
        "p_catalog_id": "50",
        "name": "\u3010\u7edd\u5bf9\u840c\u57df\u3011\u5e72\u7269\u59b9\u5c0f\u57cb \u571f\u95f4\u57cb Iphone\u624b\u673a\u58f3 -\u7248\u672c4",
        "cover_price": "38.00",
        "origin_price": "38.00",
        "brief": "<span style=\"text-align: center;\"><span style=\"font-family:SimHei;font-size:24px;\">\u624b\u673a\u58f3\u9700\u8981\u4e00\u5468\u65f6\u95f4\u5b9a\u5236<\/span><\/span><br \/>",
        "figure": "\/1443173876650.jpg"
      },
      {
        "product_id": "1585",
        "channel_id": "3",
        "brand_id": "34",
        "p_catalog_id": "17",
        "name": "\u3010\u7edd\u5bf9\u840c\u57df\u3011\u94f6\u9b42 Gintama \u5742\u7530\u94f6\u65f6 \u6298\u53e0\u4f1e\u75db\u4f1e \u9632\u7d2b\u5916\u7ebf\u6674\u96e8\u4f1e \u590f\u65e5\u51fa\u884c",
        "cover_price": "68.00",
        "origin_price": "68.00",
        "brief": "",
        "figure": "\/1442888777662.jpg"
      },
      {
        "product_id": "2790",
        "channel_id": "4",
        "brand_id": "23",
        "p_catalog_id": "22",
        "name": "\u3010\u7edd\u5bf9\u840c\u57df\u3011\u8230\u961fCollection\u5317\u65b9\u6816\u59ec X \u5e72\u7269\u59b9\u5c0f\u57cb \u5410\u69fd \u62b1\u6795\u65b9\u5f62\u9760\u6795-\u7248\u672c1 \u6d41\u884c\u6897",
        "cover_price": "45.00",
        "origin_price": "45.00",
        "brief": "\u542b\u6795\u82af\uff01\r\n\r\n\u5b9a\u5236\u5de5\u671f\u4e3a3-7\u4e2a\u5de5\u4f5c\u65e5\uff0c\u6211\u4eec\u5c06\u5c3d\u5feb\u53d1\u8d27\u54e6\uff01(\u3065\uffe3 3\uffe3)\u3065~\u2665",
        "figure": "\/1447500691455.jpg"
      },
      {
        "product_id": "1495",
        "channel_id": "4",
        "brand_id": "23",
        "p_catalog_id": "82",
        "name": "\u3010\u7edd\u5bf9\u840c\u57df\u3011\u8230\u961fcollection \u5317\u65b9\u6816\u59ec \u6076\u641e \u4f11\u95f2\u7535\u8111\u5305\u659c\u630e\u5305\u5355\u80a9\u5305",
        "cover_price": "35.00",
        "origin_price": "35.00",
        "brief": "<span style=\"color: rgb(255, 0, 0);font-size:18px;\">\u5236\u4f5c\u5468\u671f\u4e3a4-7\u65e5\uff0c\u6536\u5230\u8ba2\u5355\u540e\u6211\u4eec\u4f1a\u5c3d\u5feb\u53d1\u8d27\uff0c\u8bf7\u4eb2\u4eec\u8010\u5fc3\u7b49\u5f85 \u2044(\u2044 \u2044\u2022\u2044\u03c9\u2044\u2022\u2044 \u2044)\u2044<\/span><br \/>",
        "figure": "\/1442565637007.jpg"
      },
      {
        "product_id": "7414",
        "channel_id": "3",
        "brand_id": "363",
        "p_catalog_id": "26",
        "name": "\u9884\u552e\u3010\u7edd\u5bf9\u840c\u57df\u3011 RE\uff1a\u4ece\u96f6\u5f00\u59cb\u7684\u5f02\u4e16\u754c\u751f\u6d3b \u857e\u59c6 \u62c9\u59c6 \u827e\u7c73\u8389\u4e9a \u4e9a\u514b\u529b\u94a5\u5319\u6263",
        "cover_price": "26.00",
        "origin_price": "128.00",
        "brief": "\u5f02\u4e16\u754c\u7684\u59b9\u7eb8\u4eec\uff0c\u88ab\u6349\u4f4f\u7684\u8bdd\uff0c\u4f1a\u6709\u600e\u6837\u7684\u53cd\u5e94\u5462\uff1f\u6709\u70b9\u5c0f\u671f\u5f85\u5440\uff01RE\uff1a0\u4e3b\u9898\u5c0f\u6302\u9970\uff0c\u5254\u900f\u5149\u4eae\u7684\u4e9a\u514b\u529b\u73bb\u7483\u6750\u8d28\uff0c\u9632\u5c18\u585e\u624b\u673a\u94fe+\u94a5\u5319\u6263\u88c5\u9970\u4e24\u7528\u578b\u3002\u6bcf\u6b3e\u6302\u9970\u90fd\u753b\u7740\u52a8\u753b\u5973\u4e3b\u89d2\u4eec\u88ab\u6b3a\u8d1f\u7684\u840c\u6837\uff0c\u770b\u4e0a\u53bb\u662f\u88ab\u4f60\u8fd9\u4e2a\u5927\u5de8\u4eba\u7ed9\u634f\u4f4f\u53c8\u62ff\u4e86\u8d77\u6765\uff0c\u975e\u5e38\u53ef\u7231\u6709\u8da3\u3002\r\n",
        "figure": "\/1466494254360.jpg"
      },
      {
        "product_id": "5737",
        "channel_id": "3",
        "brand_id": "20",
        "p_catalog_id": "26",
        "name": "\u3010\u7edd\u5bf9\u840c\u57df\u3011 \u521d\u97f3\u672a\u6765 V\u5bb6\u516c\u4e3b\u6bbf\u4e0b \u7c73\u9177\u751c\u54c1\u70b9\u5fc3 \u4e9a\u514b\u529b\u6302\u9970\u6302\u4ef6\u9970\u54c1",
        "cover_price": "108.00",
        "origin_price": "190.00",
        "brief": "\u516c\u4e3b\u6bbf\u4e0b\u6bcf\u5929\u6700\u671f\u76fc\u7684\uff0c\u5c31\u662f\u6d6a\u6f2b\u6e29\u99a8\u7684\u4e0b\u5348\u8336\u65f6\u95f4\u3002\u4ec0\u4e48\u9ad8\u96c5\u7684\u793c\u4eea\u5566\u3001\u94f6\u5236\u7684\u8336\u5177\u5566\u3001\u4f18\u7f8e\u7684\u8f7b\u97f3\u4e50\u5566\uff0c\u516c\u4e3b\u6bbf\u4e0b\u624d\u4e0d\u611f\u5174\u8da3\u5462\u3002\u8336\u4f1a\u4e0a\u5403\u5230\u7f8e\u5473\u7684\u70b9\u5fc3\uff0c\u70b9\u5fc3\u8981\u548c\u81ea\u5df1\u4e00\u6837\u5927\uff0c\u8be5\u591a\u597d\u5440~\u5c0f\u516c\u4e3b\u751c\u54c1\u4e3b\u9898\u4e9a\u514b\u529b\u6302\u9970\uff0c\u6bcf\u4e00\u6b3e\u90fd\u8f6f\u840c\u53ef\u7231\uff0c\u6fc0\u8d77\u4f60\u7684\u7ae5\u5fc3\uff0c\u523a\u6fc0\u4f60\u7684\u5473\u857e\u2014\u2014\u597d\u60f3\u5403\u6389\u5440\u3002\u5f53\u7136\u53ef\u4ee5\u5168\u90e8\u5403\u6389~\u8fd9\u5957\u6302\u9970\u662f\u6574\u5957\u8d29\u552e\u54d2\uff01",
        "figure": "\/1459405566798.jpg"
      },
      {
        "product_id": "5108",
        "channel_id": "8",
        "brand_id": "24",
        "p_catalog_id": "56",
        "name": "\u3010\u7edd\u5bf9\u840c\u57df\u3011 \u9ed1\u5ca9\u5c04\u624bBRS  \u7eaf\u68c9\u5706\u9886 \u5957\u5934\u957f\u8896T\u6064\u6625\u88c5",
        "cover_price": "98.00",
        "origin_price": "178.00",
        "brief": "\u9ed1\u5ca9\u5c04\u624b\u662f\u65e5\u672c\u753b\u5e08huke\u7b14\u4e0b\u7684\u539f\u521b\u4eba\u7269\u3002\u5979\u8eab\u6750\u7ea4\u957f\u3001\u80a4\u8272\u82cd\u767d\u3001\u5934\u4e0a\u662f\u5de6\u53f3\u957f\u77ed\u4e0d\u4e00\u7684\u53cc\u9a6c\u5c3e\uff0c\u9ed1\u8272\u98ce\u8863\uff0c\u6709\u65f6\u5de6\u773c\u4f1a\u6709\u84dd\u8272\u706b\u7130\u8df3\u52a8\u3002\u65b0\u6b3e\u9ed1\u5ca9\u957f\u8896T\u6064\uff0c\u4e3b\u6253\u7b80\u7ea6\u98ce\u683c\uff0c\u7a7f\u4e0a\u4f11\u95f2\u968f\u610f\uff0c\u5f53\u505a\u5916\u5957\u7684\u6253\u5e95\u886b\u8fd8\u80fd\u7a7f\u51fa\u610f\u60f3\u4e0d\u5230\u7684\u53ef\u7231\r\n",
        "figure": "\/1457329483464.jpg"
      },
      {
        "product_id": "2533",
        "channel_id": "8",
        "brand_id": "113",
        "p_catalog_id": "65",
        "name": "\u3010\u7edd\u5bf9\u840c\u57df\u3011\u91ce\u826f\u795e \u96ea\u97f3 cosplay\u670d\u88c5\u7eaf\u68c9\u8fde\u5e3d\u536b\u8863\u5916\u5957\u7537\u79cb\u51ac",
        "cover_price": "179.00",
        "origin_price": "179.00",
        "brief": "",
        "figure": "\/1446174952079.jpg"
      },
      {
        "product_id": "1405",
        "channel_id": "3",
        "brand_id": "180",
        "p_catalog_id": "17",
        "name": "\u3010\u7edd\u5bf9\u840c\u57df\u3011\u5e72\u7269\u59b9\u5c0f\u57cb \u571f\u95f4\u57cb \u75db\u4f1e \u6674\u96e8\u4f1e \u9632\u7d2b\u5916\u7ebf \u590f\u65e5\u51fa\u884c",
        "cover_price": "53.00",
        "origin_price": "53.00",
        "brief": "",
        "figure": "\/1442312818601.jpg"
      },
      {
        "product_id": "4609",
        "channel_id": "3",
        "brand_id": "23",
        "p_catalog_id": "65",
        "name": "\u3010\u7edd\u5bf9\u840c\u57df\u3011  \u8230\u961fcollection\u8230\u5a18\u5929\u6d25\u98ce\u52a8\u6f2b\u5468\u8fb9\u7537\u5973\u7eaf\u68c9\u536b\u8863\u5916\u5957\u6625\u79cb",
        "cover_price": "168.00",
        "origin_price": "265.00",
        "brief": "\u5929\u6d25\u98ce\u6c34\u624b\u670d\u6f14\u53d8\u800c\u6765\u7684\u536b\u8863\uff0c\u53ef\u7231\u597d\u770b\u3001\u6709\u70b9COS\u670d\u7684\u611f\u89c9\u3002\u8fd8\u539f\u5929\u6d25\u98ce\u4eba\u8bbe\u840c\u70b9\u3002\u4e3a\u4e86\u5916\u7a7f\u65f6\u66f4\u52a0\u5f97\u4f53\uff0c\u670d\u88c5\u98ce\u683c\u504f\u5411\u201c\u65e5\u5e38\u4e0e\u4f11\u95f2\u201d\uff0c\u7537\u751f\u3001\u5973\u751f\u90fd\u53ef\u4ee5\u7a7f\u3002\u536b\u8863\u4e3a\u5168\u68c9\u52a0\u539a\u6b3e\uff0c\u4e13\u4e3a\u6015\u51b7\u7684\u5b69\u5b50\u51c6\u5907\uff0c\u6f2b\u957f\u4e25\u51ac\u7ed9\u4f60\u66f4\u591a\u6e29\u6696\u3002",
        "figure": "\/1455679709141.jpg"
      },
      {
        "product_id": "5875",
        "channel_id": "3",
        "brand_id": "356",
        "p_catalog_id": "50",
        "name": "\u3010\u7edd\u5bf9\u840c\u57df\u3011 \u6c34\u624b\u670d  iphone5s 6s Plus \u624b\u673a\u58f3",
        "cover_price": "38.00",
        "origin_price": "52.00",
        "brief": "\u8eab\u6750\u5a07\u5c0f\uff0c\u603b\u662f\u966a\u5728\u4e3b\u4eba\u8eab\u8fb9\uff0c\u6bcf\u6b21\u89c1\u5230\u5979\uff0c\u4f60\u5c31\u518d\u4e5f\u65e0\u6cd5\u79fb\u5f00\u81ea\u5df1\u7684\u76ee\u5149\uff0c\u4f7f\u7528\u5979\u7684\u65f6\u95f4\u8d85\u8fc7\u4f7f\u7528\u81ea\u5df1\u7684\u53f3\u624b\uff08\uff1f\uff09\u6ca1\u9519\uff0c\u5979\u5c31\u662f\u4f60\u6c38\u8fdc\u4e5f\u79bb\u4e0d\u5f00\u5374\u65f6\u5e38\u88ab\u4f60\u5ffd\u89c6\u7684\u624b\u673a\u5a18\uff01\u53d1\u6325\u4f60\u7684\u6076\u8da3\u5473\uff0c\u7ed9\u624b\u673a\u5a18\u7a7f\u4e0a\u5404\u79cd\u96be\u4e3a\u60c5\u7684\u8863\u670d\u5427~\u7ec5\u58eb\u6362\u88c5\u624b\u673a\u58f3\uff0c\u80fd\u591f\u5728\u4f7f\u7528\u624b\u673a\u65f6\u589e\u6dfb\u60c5\u2640\u8da3\uff0c\u9002\u914d\u7231\u75af5\u30015S\u30016\u30016PLUS\uff0c\u6700\u65b0\u7684SE\u540c\u6837\u9002\u7528\u3002",
        "figure": "\/1460358343504.jpg"
      },
      {
        "product_id": "2393",
        "channel_id": "8",
        "brand_id": "20",
        "p_catalog_id": "65",
        "name": "\u3010\u7edd\u5bf9\u840c\u57df\u3011\u521d\u97f3\u672a\u6765 \u96ea\u521d\u97f3 \u7eaf\u68c9\u5f00\u886b\u62c9\u94fe\u8fde\u5e3d\u536b\u8863\u5916\u5957\u79cb\u51ac",
        "cover_price": "159.00",
        "origin_price": "159.00",
        "brief": "",
        "figure": "\/1445508163177.jpg"
      },
      {
        "product_id": "5567",
        "channel_id": "8",
        "brand_id": "343",
        "p_catalog_id": "56",
        "name": "\u3010\u7edd\u5bf9\u840c\u57df\u3011 \u963f\u677e\u5148\u751f \u5c0f\u677e\u91ce \u5c0f\u677e \u7eaf\u68c9\u5706\u9886\u52a8\u6f2bT\u6064\u77ed\u8896 \u7ea2\u8272",
        "cover_price": "58.00",
        "origin_price": "98.00",
        "brief": "\u201c\u5144\u5f1f\u4eec\u90fd\u8fc7\u6765\uff01\u8981\u5ba3\u5e03\u5927\u4e8b\u4e86\uff01\u6211\u4eec\u7684\u5468\u8fb9T\u6064\u5f00\u59cb\u8d29\u552e\u4e86\uff01\u201d\u201c\u771f\u7684\u5417\uff1f\u963f\u677e\u54e5\u54e5\u201d\u201c\u8bf4\u4ec0\u4e48\u5462\uff1f\u6211\u4eec\u8fde\u5de5\u4f5c\u90fd\u6ca1\u6709\uff0c\u4f60\u7761\u7cca\u6d82\u4e86\u5417\uff1f\u201d\u201c\u4e0d\uff01\u5feb\u770b\uff0c\u5c31\u5728\u8fd9\u91cc\u554a\u201d\u201c\u54ce\uff1f\uff01\u8fd9\u4e0d\u662f\u6211\u4eec\u516d\u4e2a\u4eba\u5417\uff1f\u201d\u201c\u53cd\u6b63\u4e00\u4ef6\u4e5f\u5356\u4e0d\u51fa\u53bb\u5566\u201d\u201c\u522b\u90a3\u6837\u8bf4\u554a\u201d\u201c\u7a7f\u4e0a\u4f1a\u88ab\u5f53\u6210\u53d8\u6001\u5427\uff1f\u201d\u201c\u95ed\u5634\uff01\u201d\u603b\u4e4b\uff0c\u677e\u91ce\u5bb6\u7684\u957f\u7537\u548c\u611a\u5f1f\u4eec\u7684T\u6064\uff0c\u4e3a\u60a8\u732e\u4e0a\uff08\u97a0\u8eac\uff09",
        "figure": "\/1464852646053.png"
      }
    ],
    "catalog_data": false,
    "brand_data": false,
    "is_recommended": "0"
  }
}