{
  "code": 200,
  "msg": "\u8bf7\u6c42\u6210\u529f",
  "result": {
    "page_data": [
      {
        "product_id": "3328",
        "channel_id": "3",
        "brand_id": "9",
        "p_catalog_id": "28",
        "name": "[\u79b9\u5c4b\u539f\u521b]\u9b54\u5361\u5c11\u5973\u6a31 \u52fa\u5b50 \u5496\u5561\u52fa \u86cb\u7cd5\u52fa \u51b0\u6fc0\u51cc\u52fa",
        "cover_price": "15.00",
        "origin_price": "15.00",
        "brief": "",
        "figure": "\/1449482952463.jpg"
      },
      {
        "product_id": "3322",
        "channel_id": "12",
        "brand_id": "279",
        "p_catalog_id": "73",
        "name": "[\u79b9\u5c4b\u539f\u521b]\u751c\u751c\u5708 \u732b\u54aa \u6212\u6307 \u6307\u73af",
        "cover_price": "15.00",
        "origin_price": "15.00",
        "brief": "\u5185\u5f8418mm   \u5408\u91d1\u6750\u8d28 \n\n\u203b\u7ec6\u8282\u4e0d\u662f\u5f88\u5b8c\u7f8e\u54e6~\u6bd4\u65b9\u8033\u6735\u51f9\u51f8\u7684\u5730\u65b9\u4f1a\u6709\u6a21\u5177\u7684\u51f9\u51f8\u75d5\u8ff9\u7684~\u4ecb\u610f\u614e\u62cd!!",
        "figure": "\/1449477606198.jpg"
      },
      {
        "product_id": "3314",
        "channel_id": "3",
        "brand_id": "9",
        "p_catalog_id": "77",
        "name": "[\u79b9\u5c4b\u539f\u521b]\u9b54\u5361\u5c11\u5973\u6a31 \u9b54\u6cd5\u4e66 \u624b\u5305 ",
        "cover_price": "66.00",
        "origin_price": "66.00",
        "brief": "\u5c3a\u5bf8:\u7ea6200*115*25mm\/\u6750\u8d28:Pu\r\n\u5173\u4e8e\u552e\u540e\u95ee\u9898:\u8bf7\u52a1\u5fc5\u770b\u4e0b!!!\u4e0d\u80fd\u63a5\u53d7\u7684\u8bf7\u4e0d\u8981\u4e0b\u5355!!!\r\n\u203b\u624b\u5e26\u4e94\u91d1\u90e8\u5206,\u65b0\u7684\u90fd\u5f88\u7d27!\u5728\u684c\u89d2\u6309\u4e00\u4e0b\u5c31\u53ef\u4ee5\u6253\u5f00!!\u4e0d\u662f\u574f\u4e86\u8bf7\u6ce8\u610f~\r\n\u5382\u5bb6\u4e0d\u53ef\u80fd\u6bcf\u4e2a\u90fd\u505a\u5230\u4f60\u5fc3\u76ee\u4e2d\u7684\u5b8c\u7f8e\u72b6\u6001\u7684\r\n\u5370\u82b1\u7565\u6a21\u7cca,\u8dd1\u7ebf\u90e8\u5206\u6b6a\u659c,\u8fb9\u7f18\u5fae\u78e8\u635f,\u7ec6\u5c0f\u7834\u635f\/\u5370\u82b1\u6574\u4f53\u504f\u79fb\u7b49\u9020\u6210\u7684\u9000\u6362\u8fd0\u8d39\u81ea\u7406!\r\n\u203b\u8868\u9762\u7f1d\u5408\u90e8\u5206\u53ef\u80fd\u6709\u7ebf\u6bd4\u8f83\u7d27\u9020\u6210\u7684PU\u8868\u9762\u5fae\u88c2!\u51ed\u56fe\u53ef\u4ee5\u8fd4\u73b03\u5143(\u9000\u6362\u8fd0\u8d39\u81ea\u7406)\r\n\u5305\u5305",
        "figure": "\/1449475131325.jpg"
      },
      {
        "product_id": "3252",
        "channel_id": "3",
        "brand_id": "9",
        "p_catalog_id": "96",
        "name": "[\u79b9\u5c4b\u539f\u521b] \u9b54\u5361\u5c11\u5973\u6a31 \u9542\u82b1\u6cf3\u8863 \u5c0f\u6a31&\u77e5\u4e16",
        "cover_price": "99.00",
        "origin_price": "99.00",
        "brief": "",
        "figure": "\/1449216938742.jpg"
      },
      {
        "product_id": "3321",
        "channel_id": "3",
        "brand_id": "9",
        "p_catalog_id": "72",
        "name": "[\u79b9\u5c4b\u539f\u521b]\u9b54\u5361\u5c11\u5973\u6a31 \u661f\u661f \u6000\u8868",
        "cover_price": "88.00",
        "origin_price": "88.00",
        "brief": "\u8bf7\u4ee5\u5927\u8d27\u5b9e\u7269\u4e3a\u4e3b!!!\u6837\u54c1\u56fe\u4ec5\u4f9b\u53c2\u8003!!!\u65b0\u7684\u4e94\u91d1\u6263\u5b50\u90fd\u4f1a\u6bd4\u8f83\u7d27\u5728\u684c\u89d2\u6309\u4e00\u4e0b\u5c31\u884c\u4e86!\r\n\r\n\u94fe\u5b50\u662f\u94c1\u5236\u54c1,\u4e0d\u8981\u78b0\u6c34,\u4f1a\u751f\u9508\u7684\u54e6~!!!\u6000\u8868\u53ef\u80fd\u4f1a\u6709\u8d70\u65f6\u4e0d\u591f\u51c6\u60c5\u51b5,\u4ecb\u610f\u614e\u62cd!\r\n\u5b9a\u5236\u5546\u54c1\u4e0d\u63a5\u53d7\u9000\u6362!!\u62b1\u7740\u9000\u8d27\u5fc3\u91cc\u6765\u4e70\u7684\u9ebb\u70e6\u4f60\u522b\u4e0b\u5355\u4e86!!!\r\n\u6750\u8d28:\u5408\u91d1\u8868\u58f3\/\u94c1\u5236\u94fe\/\u65e5\u672c\u77f3\u82f1\u673a\u82af\/\u9001\u7535\u6c60\r\n\r\n\u5c3a\u5bf8:\u8868\u9762\u76f4\u5f844\u5398\u7c73 \u94fe\u957f\u7ea613.5cm",
        "figure": "\/1449477393886.jpg"
      },
      {
        "product_id": "3316",
        "channel_id": "3",
        "brand_id": "279",
        "p_catalog_id": "82",
        "name": "[\u79b9\u5c4b\u539f\u521b] \u5723\u6d01\u4e0e\u6551\u8d4e \u5341\u5b57\u67b6 \u5236\u670d\u5305",
        "cover_price": "118.00",
        "origin_price": "118.00",
        "brief": "\u5c3a\u5bf8:\u7ea6 37 *25 *19 \u5398\u7c73\r\n\u4f5c\u8005:\u4e0d\u4f1a\u753b\u753b\u7684A\u53d4\r\n\u540d\u5b57 \u5723\u6d01\u4e0e\u6551\u8d4e\u5341\u5b57\u67b6\u5236\u670d\u5305\r\n\u8bf4\u660e \u641e\u6b7b\u7cfb\u5236\u670d\u5305\uff0c\u767d\u91d1\u4ee3\u8868\u5723\u6d01\uff0c\u9ed1\u94f6\u4ee3\u8868\u6551\u8d4e\uff0c\u5177\u4f53\u6750\u8d28\u8bf7\u770b\u8be6\u60c5\u56fe\u3002\r\n\u6ce8\u610f\uff01\uff01\uff01\uff01\u8d2d\u4e70\u7684\u5305\u5305\u4e0d\u5305\u542b\u56fe\u4e2d\u7684\u5341\u5b57\u67b6\uff01\uff01\uff01\u5341\u5b57\u67b6\u4e3a\u5355\u5356\u54c1\u5df2\u65ad\u8d27\uff01\uff01\uff01",
        "figure": "\/1449475564966.jpg"
      },
      {
        "product_id": "3234",
        "channel_id": "3",
        "brand_id": "279",
        "p_catalog_id": "82",
        "name": "[\u79b9\u5c4b\u539f\u521b]\u6c34\u624b\u670d\u98ce JK\u5236\u670d\u5305 \u4e66\u5305 \u5355\u80a9\u5305",
        "cover_price": "158.00",
        "origin_price": "158.00",
        "brief": "",
        "figure": "\/1449213133085.jpg"
      },
      {
        "product_id": "3333",
        "channel_id": "3",
        "brand_id": "9",
        "p_catalog_id": "26",
        "name": "[\u79b9\u5c4b\u539f\u521b]\u9b54\u5361\u5c11\u5973\u6a31 \u9632\u5c18\u585e \u661f\u6756 \u5c01\u5370\u6756 \u5c0f\u53ef \u65af\u6bd4 \u6302\u4ef6",
        "cover_price": "12.00",
        "origin_price": "12.00",
        "brief": "",
        "figure": "\/1449484186963.jpg"
      },
      {
        "product_id": "4779",
        "channel_id": "8",
        "brand_id": "279",
        "p_catalog_id": "28",
        "name": "[\u79b9\u5c4b\u539f\u521b]  \u732b\u54aa \u70b9\u5fc3\u52fa 2\u6b3e",
        "cover_price": "8.00",
        "origin_price": "8.00",
        "brief": "",
        "figure": "\/1456313020013.jpg"
      },
      {
        "product_id": "3243",
        "channel_id": "3",
        "brand_id": "9",
        "p_catalog_id": "74",
        "name": "[\u79b9\u5c4b\u539f\u521b] \u9b54\u5361\u5c11\u5973\u6a31 \u5e06\u5e03\u978b \u4f11\u95f2\u978b",
        "cover_price": "88.00",
        "origin_price": "88.00",
        "brief": "",
        "figure": "\/1449215006263.jpg"
      },
      {
        "product_id": "4766",
        "channel_id": "8",
        "brand_id": "279",
        "p_catalog_id": "65",
        "name": "[\u79b9\u5c4b\u539f\u521b] \u6c34\u624b\u98ce \u5047\u9886\u5b50 \u732b\u54aa \u5154\u5b50 \u718a",
        "cover_price": "48.00",
        "origin_price": "48.00",
        "brief": "",
        "figure": "\/1456309781092.jpg"
      },
      {
        "product_id": "3332",
        "channel_id": "3",
        "brand_id": "9",
        "p_catalog_id": "90",
        "name": "[\u79b9\u5c4b\u539f\u521b] \u9b54\u5361\u5c11\u5973\u6a31 \u9b54\u6cd5\u4e66 \u8ff7\u4f60\u9996\u9970\u76d2",
        "cover_price": "48.00",
        "origin_price": "48.00",
        "brief": "",
        "figure": "\/1449483885995.jpg"
      },
      {
        "product_id": "3319",
        "channel_id": "3",
        "brand_id": "9",
        "p_catalog_id": "76",
        "name": "[\u79b9\u5c4b\u539f\u521b] \u9b54\u5361\u5c11\u5973\u6a31\u5316\u5986\u5305\u8ff7\u4f60\u630e\u5305",
        "cover_price": "88.00",
        "origin_price": "88.00",
        "brief": "\u5c3a\u5bf8\u5927\u7ea6\u662f 18*13*5cm (\u5316\u5986\u5305\u5927\u5c0f~\u53ef\u4ee5\u653e6p~)\r\n\u91d1\u53e3\u90e8\u5206\u5f00\u6a21\u5236\u4f5c\u5355\u72ec\u7684\u73af \u53ef\u4ee5\u81ea\u5df1\u642d\u914d\u559c\u6b22\u7684\u6302\u4ef6~\u672c\u5546\u54c1\u4e0d\u542b\u6302\u4ef6!!!\r\n\u5185\u90e8\u6709\u53ef\u8131\u5378\u7684\u5305\u94fe~\u53ef\u4ee5\u5f53\u630e\u5305\u4f7f\u7528~\r\n\u6ce8\u610f\u672c\u5546\u54c1\u662f\u5b9a\u5236\u5546\u54c1,\u53ef\u80fd\u5b58\u5728\u7ec6\u5c0f\u7455\u75b5!!\u975e\u529f\u80fd\u969c\u788d\u7684\u95ee\u9898\u4e00\u5f8b\u4e0d\u9000\u6362\u54e6!!\u4ecb\u610f\u614e\u62cd!!!",
        "figure": "\/1449475820083.jpg"
      },
      {
        "product_id": "6071",
        "channel_id": "3",
        "brand_id": "279",
        "p_catalog_id": "82",
        "name": "[\u79b9\u5c4b\u539f\u521b][\u73b0\u8d27]\u7231\u4e3d\u4e1d\u68a6\u6e38\u4ed9\u5883 \u65f6\u949f \u5154\u5b50\u5148\u751f \u659c\u630e\u5305",
        "cover_price": "98.00",
        "origin_price": "98.00",
        "brief": "\u672c\u5546\u54c1\u5b58\u5728\u7455\u75b5!!\u4ecb\u610f\u614e\u62cd~!!\u8be6\u7ec6\u770b\u56fe\u7247\u8bf4\u660e!!\u975e\u529f\u80fd\u969c\u788d\u4e0d\u63a5\u53d7\u9000\u6362~\u81ea\u5df1\u89c9\u5f97\u8fd9\u4e9b\u7455\u75b5\u4e0d\u80fd\u63a5\u53d7\u7684\u6c42\u5343\u4e07\u522b\u62cd\u54c8~",
        "figure": "\/1461564629138.jpg"
      },
      {
        "product_id": "3392",
        "channel_id": "8",
        "brand_id": "5",
        "p_catalog_id": "65",
        "name": "[\u79b9\u5c4b\u539f\u521b]\u5723\u8bde\u8282\u9650\u5b9a \u5c0f\u9e7f\u6597\u7bf7 \u8d1d\u96f7\u5e3d \u86cb\u7cd5\u88d9",
        "cover_price": "10.00",
        "origin_price": "10.00",
        "brief": "\u6b64\u4e3a\u5b9a\u91d1\u9700\u8981\u8865\u5c3e\u6b3e~\u6b64\u6b3e\u5b9a\u91d1\u4e0d\u9000\u54df~\u6b64\u4e3a\u5b9a\u91d1\u9700\u8981\u8865\u5c3e\u6b3e~\u6b64\u6b3e\u5b9a\u91d1\u4e0d\u9000\u54df~\u6b64\u4e3a\u5b9a\u91d1\u9700\u8981\u8865\u5c3e\u6b3e~\u6b64\u6b3e\u5b9a\u91d1\u4e0d\u9000\u54df~\u91cd\u8981\u7684\u4e8b\u60c5\u8bf4\u4e09\u6b21~",
        "figure": "\/1449661450845.jpg"
      },
      {
        "product_id": "4762",
        "channel_id": "12",
        "brand_id": "279",
        "p_catalog_id": "73",
        "name": " [\u79b9\u5c4b\u539f\u521b] \u9b54\u5361\u5c11\u5973\u6a31 \u7231\u5fc3\u7fc5\u8180 \u80f8\u9488 \u53d1\u5939 \u9879\u94fe",
        "cover_price": "25.00",
        "origin_price": "25.00",
        "brief": "\u5408\u91d1\u5236\u54c1\u53ef\u80fd\u5b58\u5728\u7455\u75b5\u4ecb\u610f\u614e\u62cd!!!\n\u672c\u5546\u54c1\u4e0d\u652f\u6301\u9000\u6362\uff01\uff01\uff01\u672c\u5546\u54c1\u4e0d\u652f\u6301\u9000\u6362\uff01\uff01\uff01\u672c\u5546\u54c1\u4e0d\u652f\u6301\u9000\u6362\uff01\uff01\uff01",
        "figure": "\/1456309070949.jpg"
      },
      {
        "product_id": "3253",
        "channel_id": "3",
        "brand_id": "9",
        "p_catalog_id": "52",
        "name": "[\u79b9\u5c4b\u539f\u521b] \u9b54\u5361\u5c11\u5973\u6a31 \u53cb\u679d\u5c0f\u5b66\u98ce T\u6064 2\u6b3e\u5165",
        "cover_price": "88.00",
        "origin_price": "88.00",
        "brief": "",
        "figure": "\/1449217285280.jpg"
      },
      {
        "product_id": "6062",
        "channel_id": "3",
        "brand_id": "279",
        "p_catalog_id": "82",
        "name": "\u5b9a\u5236 [\u79b9\u5c4b\u539f\u521b] \u5c0f\u52a8\u7269 \u5236\u670d\u5305 \u5154\u5b50 \u5c0f\u718a \u732b\u54aa \u5305\u5305",
        "cover_price": "128.00",
        "origin_price": "168.00",
        "brief": "",
        "figure": "\/1461317929323.jpg"
      },
      {
        "product_id": "3235",
        "channel_id": "3",
        "brand_id": "53",
        "p_catalog_id": "82",
        "name": "[\u79b9\u5c4b\u539f\u521b]\u7f8e\u5c11\u5973\u6218\u58eb \u73e0\u5149\u538b\u82b1 \u624b\u63d0\u5305 \u5355\u80a9\u5305",
        "cover_price": "178.00",
        "origin_price": "178.00",
        "brief": "",
        "figure": "\/1449213524463.jpg"
      },
      {
        "product_id": "6064",
        "channel_id": "8",
        "brand_id": "279",
        "p_catalog_id": "71",
        "name": "[\u79b9\u5c4b\u539f\u521b] \u73b0\u8d27 \u9542\u82b1\u6708\u7259 \u6708\u4eae \u661f\u661f \u8033\u73af \u8033\u9489",
        "cover_price": "16.00",
        "origin_price": "16.00",
        "brief": "\u5408\u91d1\u5236\u54c1\u53ef\u80fd\u5b58\u5728\u5c0f\u7455\u75b5 \u4ecb\u610f\u614e\u62cd\u54e6~~\r\n\u672c\u5546\u54c1\u4e0d\u652f\u6301\u9000\u6362\uff01\uff01\uff01\u672c\u5546\u54c1\u4e0d\u652f\u6301\u9000\u6362\uff01\uff01\uff01\u672c\u5546\u54c1\u4e0d\u652f\u6301\u9000\u6362\uff01\uff01\uff01",
        "figure": "\/1461554037475.jpg"
      }
    ],
    "catalog_data": false,
    "brand_data": false,
    "is_recommended": "0"
  }
}