{
  "code": 200,
  "msg": "\u8bf7\u6c42\u6210\u529f",
  "result": {
    "page_data": [
      {
        "product_id": "4627",
        "channel_id": "4",
        "brand_id": "23",
        "p_catalog_id": "82",
        "name": "\u3010\u6f2b\u8e2a\u3011  \u8230\u961fcollection\u8fde\u88c5\u70ae\u9171\u5355\u80a9\u5305\u8230\u5a18\u6e38\u620f\u5468\u8fb9\u52a8\u6f2b\u659c\u630e\u5305",
        "cover_price": "94.40",
        "origin_price": "118.00",
        "brief": "",
        "figure": "\/1455703586918.jpg"
      },
      {
        "product_id": "10368",
        "channel_id": "4",
        "brand_id": "477",
        "p_catalog_id": "56",
        "name": "\u3010UDZ\u3011\u7537\u6b3e \u6e38\u620f \u5b9a\u5236ADC\u4e0e\u8f85\u52a9",
        "cover_price": "48.99",
        "origin_price": "69.00",
        "brief": "\u6ce8\u610f\uff1a\u62cd\u4e0b\u8bf7\u5907\u6ce8\u989c\u8272\uff0c\u4e0d\u5907\u6ce8\u968f\u673a\u53d1\u8d27\uff01UDZ\u4f18\u5b9a\u5236\u82f1\u96c4\u8054\u76df\u6e38\u620f\u5370\u82b1\u7eaf\u68c9\u5b9a\u5236T\u6064",
        "figure": "\/supplier\/1477903211466.png"
      },
      {
        "product_id": "10557",
        "channel_id": "9",
        "brand_id": "5",
        "p_catalog_id": "93",
        "name": "\u3010\u7535\u5b50\u7968\u3011\u3010\u5e1d\u90fd\u3011IDO 20 \u52a8\u6f2b\u6e38\u620f\u5609\u5e74\u534e",
        "cover_price": "50.00",
        "origin_price": "0.00",
        "brief": "",
        "figure": "\/1478596679261.jpg"
      },
      {
        "product_id": "4746",
        "channel_id": "3",
        "brand_id": "5",
        "p_catalog_id": "101",
        "name": "\u3010\u840c\u5947\u3011Mr\uff0eleaf \u9b54\u9b3c\u732b-\u97f3\u9b54\u8033\u673a\u5934\u6234\u5f0f\u91cd\u4f4e\u97f3 \u624b\u673a\u7535\u8111\u6e38\u620f\u8033\u9ea6\u5e26\u8bdd\u7b52",
        "cover_price": "168.00",
        "origin_price": "386.00",
        "brief": "\u5934\u6234\u5f0f\u8033\u673a \u8212\u9002\u4e4b\u9009 \u91cd\u4f4e\u97f3 \u624b\u673a\u7535\u8111\u6e38\u620f \u8033\u9ea6",
        "figure": "\/1459306999997.jpg"
      },
      {
        "product_id": "10243",
        "channel_id": "4",
        "brand_id": "456",
        "p_catalog_id": "79",
        "name": "\u3010SHAMOE\u5c1a\u840c\u3011\u5b88\u671b\u5148\u950b overwatch D.Va \u5b8b\u54c8\u5a1c \u52a8\u6f2b\u6e38\u620f\u53cc\u80a9\u5305 \u5b66\u751f\u4e66\u5305\u4f11\u95f2\u5305",
        "cover_price": "102.40",
        "origin_price": "128.00",
        "brief": "\u4e0b\u5355\u540e 1-3\u4e2a\u5de5\u4f5c\u65e5\u5185\u53d1\u8d27\u5662\u266a(^\u2207^*)",
        "figure": "\/supplier\/1477537730880.jpg"
      },
      {
        "product_id": "6746",
        "channel_id": "8",
        "brand_id": "396",
        "p_catalog_id": "52",
        "name": "\u3010MIXX\u3011\u5200\u5251\u4e71\u821e\u6e38\u620fT\u6064 \u4e09\u65e5\u6708\u5b97\u8fd1\u7237\u7237 \u7537\u5973\u77ed\u8896",
        "cover_price": "99.00",
        "origin_price": "198.00",
        "brief": "\u8fd9\u6b21MIXX\u9009\u53d6\u7684\u662f\u5200\u5251\u4e71\u821e\u7cfb\u5217\u4e2d\u7684\u4eba\u6c14\u89d2\u8272\u4e09\u65e5\u6708\u5b97\u8fd1\u7237\u7237\u7684\u4eba\u8bbe\u4e3a\u4e3b\u8981\u8bbe\u8ba1\u70b9\uff0c\u540c\u65f6\u6211\u4eec\u52a0\u4e0a\u65e5\u672c\u7684\u539f\u5bbf\u98ce\u683c\uff0c\u8ba9\u6574\u4ef6\u8863\u670d\u7684\u54c1\u8d28\u72ec\u5177\u4e00\u683c\u3002",
        "figure": "\/supplier\/1467345360211.jpg"
      },
      {
        "product_id": "6078",
        "channel_id": "4",
        "brand_id": "254",
        "p_catalog_id": "26",
        "name": "\u3010\u6f2b\u8e2a\u3011\u539f\u521b\u54b8\u9c7c\u79cb\u5200\u9c7c\u62b1\u6795\u6076\u641e   \u6e38\u620f\u6bdb\u7ed2\u73a9\u5076  \u94a5\u5319\u6263\u6302\u4ef6",
        "cover_price": "6.90",
        "origin_price": "11.10",
        "brief": "\u9884\u552e\u671f\u81f310\u670812\u65e5\uff0c\u51fa\u8d27\u540e\u5c06\u6309\u8ba2\u5355\u987a\u5e8f\u5b89\u6392\u53d1\u8d27\u5662~",
        "figure": "\/1461566211452.jpg"
      },
      {
        "product_id": "5224",
        "channel_id": "11",
        "brand_id": "5",
        "p_catalog_id": "40",
        "name": "\u3010\u6b6a\u74dc\u51fa\u54c1\u3011\u6f2b\u753b\u7279\u6548\u9f20\u6807\u57ab \u4e13\u4e1a\u7ea7\u81ea\u5e26\u5149\u73af\u7279\u6548\u6e38\u620f\u63d0\u5347\u7248\u6444\u5f71\u9053\u5177",
        "cover_price": "16.00",
        "origin_price": "19.00",
        "brief": "\u5206\u5206\u949f\u8ba9\u5404\u79cd\u4e1c\u897f\u53d8\u7684\u5389\u5bb3\u8d77\u6765\u7684\u9f20\u6807\u57ab\u554a\uff0c\u7b80\u76f4\u9759\u7269\u6444\u5f71\u795e\u5668\uff0c\u5206\u5206\u949f\u8ba9\u4f60\u6b65\u5165\u4e13\u4e1a\u7ea7\u6444\u5f71\u5e08\u884c\u5217\uff01",
        "figure": "\/1457665589090.jpg"
      },
      {
        "product_id": "1353",
        "channel_id": "4",
        "brand_id": "182",
        "p_catalog_id": "33",
        "name": "\u3010\u5929\u95fb\u89d2\u5ddd\u3011\u5200\u5251\u4e71\u821e-ONLINE- \u6e38\u620f\u57ab \u9f20\u6807\u57ab \u684c\u57ab",
        "cover_price": "70.00",
        "origin_price": "70.00",
        "brief": "\u9884\u8ba116\u5e745\u6708\u4e2d\u4e0b\u65ec\u5230",
        "figure": "\/1445411477129.jpg"
      },
      {
        "product_id": "7631",
        "channel_id": "4",
        "brand_id": "100",
        "p_catalog_id": "24",
        "name": "\u5251\u7f513 \u300a\u6d17\u5fc3\u95ee\u5251\u00b7\u58f9\u300b \u8d60\u4e13\u5c5e\u8d85\u503c\u6e38\u620f\u9053\u5177\u201c\u7075\u8fd0\u73af\u201d \u71d5\u5792\u751f \u6b63\u7edf\u4fa0\u4e49\u7cbe\u795e\u625b\u9f0e\u4e4b\u4f5c \u7ef5\u7ef5\u516d\u5e74\u6c5f\u6e56\u60c5 \u4e0d\u5fd8\u521d\u5fc3",
        "cover_price": "26.00",
        "origin_price": "36.00",
        "brief": "",
        "figure": "\/1467172647788.jpg"
      },
      {
        "product_id": "998",
        "channel_id": "12",
        "brand_id": "95",
        "p_catalog_id": "73",
        "name": "\u3010\u7f51\u6613\u6b63\u7248\u3011\u5927\u8bdd \u94f6\u8033\u73af-\u6708\u4e0b\u7075\u72d0",
        "cover_price": "50.00",
        "origin_price": "68.00",
        "brief": "",
        "figure": "\/1442212106474.jpg"
      },
      {
        "product_id": "1001",
        "channel_id": "12",
        "brand_id": "95",
        "p_catalog_id": "73",
        "name": "\u3010\u7f51\u6613\u6b63\u7248\u3011\u5927\u8bdd2\u91d1\u7b8d\u68d2\u540a\u5760",
        "cover_price": "49.00",
        "origin_price": "49.00",
        "brief": "",
        "figure": "\/1441071062748.jpg"
      },
      {
        "product_id": "628",
        "channel_id": "4",
        "brand_id": "95",
        "p_catalog_id": "76",
        "name": "\u3010\u7f51\u6613\u6b63\u7248\u3011\u5927\u8bdd2\u624b\u63d0\u659c\u630e\u5305-\u591c\u6eaa\u7075",
        "cover_price": "148.00",
        "origin_price": "148.00",
        "brief": "",
        "figure": "\/1442212187682.jpg"
      },
      {
        "product_id": "630",
        "channel_id": "4",
        "brand_id": "95",
        "p_catalog_id": "29",
        "name": "\u3010\u7f51\u6613\u6b63\u7248\u3011\u5929\u4e0b3\u5750\u9a91\u5927\u516c\u4ed4-\u62d3\u62d3 \uff08\u767d\u8272\uff09",
        "cover_price": "99.00",
        "origin_price": "99.00",
        "brief": "",
        "figure": "\/1439436989886.jpg"
      },
      {
        "product_id": "999",
        "channel_id": "12",
        "brand_id": "95",
        "p_catalog_id": "73",
        "name": "\u3010\u7f51\u6613\u6b63\u7248\u3011\u68a6\u5e7b\u60c5\u4fa3\u6a80\u6728\u624b\u94fe-\u56de\u98ce\u821e\u96ea",
        "cover_price": "88.00",
        "origin_price": "88.00",
        "brief": "",
        "figure": "\/1446626053210.jpg"
      },
      {
        "product_id": "640",
        "channel_id": "4",
        "brand_id": "95",
        "p_catalog_id": "28",
        "name": "\u3010\u7f51\u6613\u6b63\u7248\u3011\u6e38\u620f\u8868\u60c5\u9676\u74f7\u7897\u4e24\u4ef6\u5957\uff08\u9ec4\u8272\uff09",
        "cover_price": "39.00",
        "origin_price": "39.00",
        "brief": "",
        "figure": "\/1439438651246.jpg"
      },
      {
        "product_id": "638",
        "channel_id": "4",
        "brand_id": "95",
        "p_catalog_id": "31",
        "name": "\u3010\u7f51\u6613\u6b63\u7248\u3011\u6e38\u620f\u8868\u60c5\u8ff7\u4f60\u4fbf\u643a\u5c0f\u98ce\u6247 \uff08\u7eff\u8272\uff09 \u590f\u65e5\u51fa\u884c",
        "cover_price": "15.00",
        "origin_price": "15.00",
        "brief": "",
        "figure": "\/1439438244685.jpg"
      },
      {
        "product_id": "644",
        "channel_id": "4",
        "brand_id": "95",
        "p_catalog_id": "28",
        "name": "\u3010\u7f51\u6613\u6b63\u7248\u3011\u6e38\u620f\u8868\u60c5\u9676\u74f7\u7897\u4e24\u4ef6\u5957 \uff08\u767d\u8272\uff09",
        "cover_price": "39.00",
        "origin_price": "39.00",
        "brief": "",
        "figure": "\/1439438953277.jpg"
      },
      {
        "product_id": "652",
        "channel_id": "4",
        "brand_id": "95",
        "p_catalog_id": "29",
        "name": "\u3010\u7f51\u6613\u6b63\u7248\u3011\u5356\u840c\u7cfb\u5217\u4e4b\u6e38\u620f\u8868\u60c5#18\u62b1\u6795",
        "cover_price": "58.00",
        "origin_price": "58.00",
        "brief": "",
        "figure": "\/1447148763425.jpg"
      },
      {
        "product_id": "637",
        "channel_id": "4",
        "brand_id": "95",
        "p_catalog_id": "104",
        "name": "\u3010\u7f51\u6613\u6b63\u7248\u3011\u68a6\u5e7b\u6237\u5916\u8fd0\u52a8\u81c2\u5305-\u591c\u884c\u4fa0",
        "cover_price": "28.00",
        "origin_price": "28.00",
        "brief": "",
        "figure": "\/1447153453500.jpg"
      }
    ],
    "catalog_data": false,
    "brand_data": false,
    "is_recommended": "1"
  }
}