{
  "code": 200,
  "msg": "\u8bf7\u6c42\u6210\u529f",
  "result": {
    "page_data": [
      {
        "product_id": "3845",
        "channel_id": "8",
        "brand_id": "183",
        "p_catalog_id": "70",
        "name": "\u9884\u552e \u3010\u4e16\u754c\u7ebf\u7684\u5f7c\u5cb8\u3011\u70b8\u9e21\u5757 \u989c\u6587\u5b57 \u7f8a\u6bdb\u5462\u8d1d\u96f7\u5e3d \u5706\u6da6\u70e7\u997c\u5e3d \u4fdd\u6696",
        "cover_price": "49.00",
        "origin_price": "49.00",
        "brief": "",
        "figure": "\/1451967280855.jpg"
      },
      {
        "product_id": "3570",
        "channel_id": "6",
        "brand_id": "285",
        "p_catalog_id": "71",
        "name": "\u3010\u4e16\u754c\u7ebf\u7684\u5f7c\u5cb8\u3011\u539f\u521b\u6c49\u670d\u523a\u7ee3 \u96ea\u82b1\u5154 \u53d1\u5e26\u5934\u9970",
        "cover_price": "30.00",
        "origin_price": "28.00",
        "brief": "",
        "figure": "\/1450431989769.jpg"
      }
    ],
    "catalog_data": false,
    "brand_data": false,
    "is_recommended": "0"
  }
}