{
  "code": 200,
  "msg": "\u8bf7\u6c42\u6210\u529f",
  "result": {
    "page_data": [
      {
        "product_id": "3281",
        "channel_id": "4",
        "brand_id": "281",
        "p_catalog_id": "71",
        "name": "\u3010\u4e00\u65b9\u5c18\u5bf0\u3011\u5251\u4e09 \u4e07\u82b1 \u5170\u4ead\u9999\u96ea 95\u5927\u6a59\u6b66\u53d1\u7c2a\u5468\u8fb9\u6446\u4ef6\u9884\u552e",
        "cover_price": "120.00",
        "origin_price": "159.00",
        "brief": "\u6700\u540e\u4e00\u6b21\u5f0095\u4e07\u82b1\u56e2\u4e86\uff01\uff01\uff01\u6700\u540e500\u4e2a\u5b8c\u552e\u540e\u5c31\u6b63\u5f0f\u5c01\u4ed3\u4e0d\u518d\u505a\u4e86\uff01\uff01 \r\n\u5927\u8d27\u6837\u56fe\u5df2\u51fa\uff01\uff01\u6539\u7248\u4e4b\u540e\u66f4\u5c4c\u6709\u6728\u6709\uff01\u771f\u91d1\u7535\u9540\u7edd\u5bf9\u8d85\u503c\uff01 \u5b9e\u529b\u6253\u9020\uff0c\u4e0d\u5bb9\u9519\u8fc7\uff01 \u7528\u5fc3\u6253\u78e8\uff0c\u53ea\u4e3a\u613f\u60a8\u4e00\u4e2a\u6a59\u6b66\u68a6\uff01\uff01\uff01\r\n\u56fe\u4e3a\u6700\u7ec8\u6837\uff0c\u9646\u7eed\u4f1a\u653e\u5927\u8d27\u9ad8\u6e05\u5927\u56fe\uff01\uff01\u5b9e\u529b\u6253\u9020\uff0c\u4e0d\u5bb9\u9519\u8fc7\uff01 \u7528\u5fc3\u6253\u78e8\uff0c\u53ea\u4e3a\u5706\u5c3c\u4e00\u4e2a\u6a59\u6b66\u68a6\uff01\uff01\uff01",
        "figure": "\/1453194827823.jpg"
      },
      {
        "product_id": "3794",
        "channel_id": "3",
        "brand_id": "234",
        "p_catalog_id": "28",
        "name": "\u3010\u53e4\u602a\u820d\u3011\u65e5\u672c\u534e\u4e3d\u548c\u98ce \u7e41\u534e\u94c1\u6728\u7b77\u5b50 \u4e00\u59575\u53cc \u793c\u76d2\u88c5 \u65e5\u5f0f\u9910\u5177 D43",
        "cover_price": "29.40",
        "origin_price": "30.00",
        "brief": "",
        "figure": "\/1451358670565.jpg"
      },
      {
        "product_id": "4948",
        "channel_id": "6",
        "brand_id": "336",
        "p_catalog_id": "10",
        "name": "\u3010\u6e05\u8d8a\u4e4b\u9e23\u3011\u539f\u521b\u6c49\u5143\u7d20\u65f6\u88c5 \u4e00\u4ef6\u5f0f\u9f50\u80f8\u8966\u88d9 \u4e8c\u5341\u56db\u8282\u6c14\u4e4b\u8c37\u96e8",
        "cover_price": "120.00",
        "origin_price": "120.00",
        "brief": "\u3010\u73b0\u8d27\u3011\u552e\u5b8c\u4e0d\u8865\r\n\u539f\u521b\u6c49\u5143\u7d20\uff0c\u8c37\u96e8\uff0c\u4e09\u7c73\u5927\u6446\uff0c\u56e0\u5149\u7ebf\u548c\u62cd\u6444\u7b49\u95ee\u9898\u53ef\u80fd\u4f1a\u6709\u4e9b\u8bb8\u8272\u5dee\uff0c\u4ecb\u610f\u614e\u62cd\u3002\r\n\u6ee1128\u5143\u5168\u56fd\u5305\u90ae\u3002",
        "figure": "\/supplier\/1456923360503.jpg"
      },
      {
        "product_id": "2526",
        "channel_id": "8",
        "brand_id": "77",
        "p_catalog_id": "105",
        "name": "\u3010\u7edd\u5bf9\u840c\u57df\u3011\u751c\u751c\u79c1\u623f\u732b \u5c0f\u8d77\u53f8\u732b \u5e3d\u5b50\u56f4\u5dfe\u624b\u5957\u4e00\u4f53\u4e09\u4ef6\u5957\u79cb\u51ac",
        "cover_price": "93.90",
        "origin_price": "198.00",
        "brief": "",
        "figure": "\/1446112383959.jpg"
      },
      {
        "product_id": "3476",
        "channel_id": "12",
        "brand_id": "281",
        "p_catalog_id": "71",
        "name": "\u3010\u4e00\u65b9\u5c18\u5bf0\u3011\u548c\u98ce\u91cd\u6a31\u73cd\u73e0\u6d41\u82cf\u7c2a",
        "cover_price": "35.00",
        "origin_price": "45.00",
        "brief": "",
        "figure": "\/supplier\/1449839522267.jpg"
      },
      {
        "product_id": "2467",
        "channel_id": "3",
        "brand_id": "27",
        "p_catalog_id": "25",
        "name": "\u3010\u53e4\u602a\u820d\u3011Free \u8d85\u840cQ\u7248\u6e38\u6cf3\u5708 \u7537\u5b50\u57fa\u6cf3\u90e8\u624b\u529e\u516c\u4ed4 \u4e00\u5957",
        "cover_price": "114.00",
        "origin_price": "129.00",
        "brief": "",
        "figure": "\/1445935768822.jpg"
      },
      {
        "product_id": "7170",
        "channel_id": "10",
        "brand_id": "286",
        "p_catalog_id": "99",
        "name": "\u3010\u6d77\u9e1f\u8de8\u5883\u3011\u65e5\u672c\u8fdb\u53e3 \u4e00\u5e73\u86cb\u9ec4\u9171\u591c\u5e97\u7092\u9762\u62cc\u9762",
        "cover_price": "18.00",
        "origin_price": "28.00",
        "brief": " \u4fdd\u7a0e\u533a\u53d1\u8d27\u67093-5\u5929\u7684\u5ba1\u6838\u65f6\u95f4",
        "figure": "\/supplier\/1466135546395.jpg"
      },
      {
        "product_id": "3719",
        "channel_id": "3",
        "brand_id": "77",
        "p_catalog_id": "105",
        "name": "\u3010\u6f2b\u8da3\u3011\u732b\u54aa\u5ead\u9662 \u732b\u54aa\u540e\u9662 \u6bdb\u7ed2\u56f4\u5dfe\u5e3d\u5b50\u624b\u5957\u4e09\u5408\u4e00",
        "cover_price": "68.00",
        "origin_price": "118.00",
        "brief": "",
        "figure": "\/1451107024809.jpg"
      },
      {
        "product_id": "6784",
        "channel_id": "12",
        "brand_id": "281",
        "p_catalog_id": "71",
        "name": "\u3010\u4e00\u65b9\u5c18\u5bf0\u3011\u5251\u4e0995\u5927\u6a59\u6b66\u4e94\u6bd2\u00b7\u7edb\u7389\u62e8\u4e91 \u53d1\u7c2aBJD cos\u9053\u5177",
        "cover_price": "95.00",
        "origin_price": "105.00",
        "brief": "\u5168\u90e8\u73b0\u8d27\u5168\u90e8\u73b0\u8d27\uff01\uff01\u6a21\u7279\u56fe\u5df2\u51fa\uff01\uff01\u6539\u7248\u4e4b\u540e\u66f4\u5c4c\u6709\u6728\u6709\uff01\u9ad8\u54c1\u8d28\u72ec\u5bb6\u6253\u7248\u5f00\u6a21\u7edd\u5bf9\u8d85\u503c\uff01 \u5b9e\u529b\u6253\u9020\uff0c\u4e0d\u5bb9\u9519\u8fc7\uff01 \u7528\u5fc3\u6253\u78e8\uff0c\u53ea\u4e3a\u5706\u60a8\u4e00\u4e2a\u6a59\u6b66\u68a6\uff01\uff01\uff01",
        "figure": "\/supplier\/1469697386716.jpg"
      },
      {
        "product_id": "6452",
        "channel_id": "8",
        "brand_id": "254",
        "p_catalog_id": "22",
        "name": "\u3010\u6f2b\u8e2a\u3011 \u539f\u521b\u5bf9\u65b9\u62d2\u7edd\u6d88\u606f\u5e76\u5411\u60a8\u6254\u4e86\u4e00\u53ea\u72d7\u8868\u60c5\u5305\u6076\u641e\u6bdb\u7ed2\u62b1\u6795",
        "cover_price": "59.00",
        "origin_price": "95.00",
        "brief": "\u9884\u552e\u81f310\u670813\u65e5\u53d1\u8d27~\u51fa\u8d27\u540e\u5c06\u6309\u8ba2\u5355\u987a\u5e8f\u5b89\u6392\u53d1\u8d27~",
        "figure": "\/1463121542577.jpg"
      },
      {
        "product_id": "2218",
        "channel_id": "3",
        "brand_id": "72",
        "p_catalog_id": "24",
        "name": "\u3010\u5b98\u65b9\u6b63\u7248\u3011 \u5168\u804c\u9ad8\u624b \u5dc5\u5cf0\u8363\u8000 \u756a\u5916\u96c6\u6536\u5f55\u300a\u5341\u4e94\u5c81\u7684\u590f\u5929\u300b\u7b49",
        "cover_price": "28.00",
        "origin_price": "28.00",
        "brief": "\u9884\u552e\u81f38\u6708\u4e2d\u65ec\u5230\u8d27\u54e6~\u5230\u8d27\u540e\u5c06\u6309\u8ba2\u5355\u987a\u5e8f\u5b89\u6392\u53d1\u8d27\u5462~",
        "figure": "\/1444972486392.jpg"
      },
      {
        "product_id": "4948",
        "channel_id": "6",
        "brand_id": "336",
        "p_catalog_id": "10",
        "name": "\u3010\u6e05\u8d8a\u4e4b\u9e23\u3011\u539f\u521b\u6c49\u5143\u7d20\u65f6\u88c5 \u4e00\u4ef6\u5f0f\u9f50\u80f8\u8966\u88d9 \u4e8c\u5341\u56db\u8282\u6c14\u4e4b\u8c37\u96e8",
        "cover_price": "120.00",
        "origin_price": "120.00",
        "brief": "\u3010\u73b0\u8d27\u3011\u552e\u5b8c\u4e0d\u8865\r\n\u539f\u521b\u6c49\u5143\u7d20\uff0c\u8c37\u96e8\uff0c\u4e09\u7c73\u5927\u6446\uff0c\u56e0\u5149\u7ebf\u548c\u62cd\u6444\u7b49\u95ee\u9898\u53ef\u80fd\u4f1a\u6709\u4e9b\u8bb8\u8272\u5dee\uff0c\u4ecb\u610f\u614e\u62cd\u3002\r\n\u6ee1128\u5143\u5168\u56fd\u5305\u90ae\u3002",
        "figure": "\/supplier\/1456923360503.jpg"
      },
      {
        "product_id": "1348",
        "channel_id": "12",
        "brand_id": "3",
        "p_catalog_id": "73",
        "name": "\u3010\u5c0f\u8ff7\u5154\u3011\u5251\u7f513 \u5341\u5927\u95e8\u6d3e \u5929\u7136\u5f69\u77f3\u6c34\u6676 \u624b\u94fe",
        "cover_price": "50.15",
        "origin_price": "59.00",
        "brief": "",
        "figure": "\/1441940476267.jpg"
      },
      {
        "product_id": "4195",
        "channel_id": "3",
        "brand_id": "255",
        "p_catalog_id": "24",
        "name": "\u300a\u897f\u6e38\u8bb0\u4e4b\u5927\u5723\u5f52\u6765\u300b \u7eaa\u5ff5\u5927\u753b\u96c6  \u5b98\u65b9\u6388\u6743\u76d1\u5236 \u5341\u6708\u6587\u5316",
        "cover_price": "48.00",
        "origin_price": "68.00",
        "brief": "\u73b0\u8d27",
        "figure": "\/1453372932361.jpg"
      },
      {
        "product_id": "3316",
        "channel_id": "3",
        "brand_id": "279",
        "p_catalog_id": "82",
        "name": "[\u79b9\u5c4b\u539f\u521b] \u5723\u6d01\u4e0e\u6551\u8d4e \u5341\u5b57\u67b6 \u5236\u670d\u5305",
        "cover_price": "118.00",
        "origin_price": "118.00",
        "brief": "\u5c3a\u5bf8:\u7ea6 37 *25 *19 \u5398\u7c73\r\n\u4f5c\u8005:\u4e0d\u4f1a\u753b\u753b\u7684A\u53d4\r\n\u540d\u5b57 \u5723\u6d01\u4e0e\u6551\u8d4e\u5341\u5b57\u67b6\u5236\u670d\u5305\r\n\u8bf4\u660e \u641e\u6b7b\u7cfb\u5236\u670d\u5305\uff0c\u767d\u91d1\u4ee3\u8868\u5723\u6d01\uff0c\u9ed1\u94f6\u4ee3\u8868\u6551\u8d4e\uff0c\u5177\u4f53\u6750\u8d28\u8bf7\u770b\u8be6\u60c5\u56fe\u3002\r\n\u6ce8\u610f\uff01\uff01\uff01\uff01\u8d2d\u4e70\u7684\u5305\u5305\u4e0d\u5305\u542b\u56fe\u4e2d\u7684\u5341\u5b57\u67b6\uff01\uff01\uff01\u5341\u5b57\u67b6\u4e3a\u5355\u5356\u54c1\u5df2\u65ad\u8d27\uff01\uff01\uff01",
        "figure": "\/1449475564966.jpg"
      },
      {
        "product_id": "2305",
        "channel_id": "6",
        "brand_id": "5",
        "p_catalog_id": "24",
        "name": "\u300a\u865e\u7f8e\u4eba\u300b \u7cbe\u88c5\u753b\u96c6 \u590f\u8fbe \u4f0a\u5439 \u666f\u6b8a \u7b49\u6570\u5341\u4f4d\u753b\u5e08\u5408\u529b\u7ed8\u5236",
        "cover_price": "42.00",
        "origin_price": "42.00",
        "brief": "",
        "figure": "\/1445328043518.jpg"
      },
      {
        "product_id": "5991",
        "channel_id": "8",
        "brand_id": "5",
        "p_catalog_id": "71",
        "name": " \u3010\u795e\u4e4b\u8363\u8000\u3011Gloria\uff5c\u73ab\u7470\u7a97\u4e0b\u7684\u555f\u793a\u9304 \u624b\u4f5c \u857e\u7d72 \u6b4c\u7279 \u9ed1\u8272 \u5341\u5b57\u67b6 \u5fa9\u53e4\u624b\u93c8",
        "cover_price": "38.00",
        "origin_price": "38.00",
        "brief": "",
        "figure": "\/1460950238631.jpg"
      },
      {
        "product_id": "2446",
        "channel_id": "6",
        "brand_id": "182",
        "p_catalog_id": "24",
        "name": "\u300a\u5c81\u65f6\u6b4c\u300b \u753b\u96c6 \u7ed8\u672c \u4e8c\u5341\u56db\u8282\u6c14 \u590f\u5c0f\u9c9f \u9001\u4e66\u7b7e+\u660e\u4fe1\u7247 ",
        "cover_price": "29.00",
        "origin_price": "29.00",
        "brief": "\u5b9a\u4ef742\u5143\u00a0\u9001\u4e66\u7b7e+\u660e\u4fe1\u7247\u00a0",
        "figure": "\/1445847282345.jpg"
      },
      {
        "product_id": "2974",
        "channel_id": "8",
        "brand_id": "266",
        "p_catalog_id": "12",
        "name": "\u3010Neverland\u3011lolita soufflesong\u72ec\u5bb6\u8bbe\u8ba1 \u5723\u6bcd\u5341\u5b57\u67b6\u7cfb\u5217 \u5706\u9886\u73e0\u5e18jsk\u8fde\u8863\u88d9",
        "cover_price": "452.00",
        "origin_price": "452.00",
        "brief": "\u5de5\u671f45\u5929",
        "figure": "\/1448250606969.jpg"
      },
      {
        "product_id": "2988",
        "channel_id": "8",
        "brand_id": "266",
        "p_catalog_id": "12",
        "name": "\u3010Neverland\u3011soufflesong\u72ec\u5bb6\u8bbe\u8ba1 \u5723\u6bcd\u5341\u5b57\u67b6\u7cfb\u5217 lolita\u534a\u88d9sk",
        "cover_price": "225.00",
        "origin_price": "225.00",
        "brief": "\u5de5\u671f45\u5929",
        "figure": "\/1448269577758.jpg"
      }
    ],
    "catalog_data": false,
    "brand_data": false,
    "is_recommended": "1"
  }
}