{
  "code": 200,
  "msg": "\u8bf7\u6c42\u6210\u529f",
  "result": {
    "page_data": [
      {
        "product_id": "3328",
        "channel_id": "3",
        "brand_id": "9",
        "p_catalog_id": "28",
        "name": "[\u79b9\u5c4b\u539f\u521b]\u9b54\u5361\u5c11\u5973\u6a31 \u52fa\u5b50 \u5496\u5561\u52fa \u86cb\u7cd5\u52fa \u51b0\u6fc0\u51cc\u52fa",
        "cover_price": "15.00",
        "origin_price": "15.00",
        "brief": "",
        "figure": "\/1449482952463.jpg"
      },
      {
        "product_id": "5914",
        "channel_id": "8",
        "brand_id": "234",
        "p_catalog_id": "88",
        "name": "\u3010\u53e4\u602a\u820d\u3011\u539f\u521b\u8bbe\u8ba1 \u767e\u9b3c\u591c\u884c-\u51a5\u5e9c\u9b54\u9053\u548c\u98ce\u77ed\u88e4 \u65e5\u5f0f\u68c9\u9ebb\u9614\u817f\u88e4A70",
        "cover_price": "89.00",
        "origin_price": "89.00",
        "brief": "",
        "figure": "\/1462352934101.jpg"
      },
      {
        "product_id": "3790",
        "channel_id": "3",
        "brand_id": "3",
        "p_catalog_id": "90",
        "name": "\u3010\u6b6a\u74dc\u51fa\u54c1\u3011doge \u795e\u70e6\u72d7 \u9b54\u6027\u62fc\u56fe \u4e27\u5fc3\u75c5\u72c2\u62fc\u56fe \u6d41\u884c\u6897",
        "cover_price": "25.00",
        "origin_price": "25.00",
        "brief": "",
        "figure": "\/1451355845174.jpg"
      },
      {
        "product_id": "4563",
        "channel_id": "8",
        "brand_id": "234",
        "p_catalog_id": "84",
        "name": "\u3010\u53e4\u602a\u820d\u3011\u65e5\u7cfb\u539f\u5bbf \u523a\u7ee3\u516d\u8292\u661f\u9b54\u6cd5\u9635\u7eaf\u68c9\u77ed\u889c \u5806\u5806\u889c\u5b50E86",
        "cover_price": "9.90",
        "origin_price": "9.90",
        "brief": "",
        "figure": "\/1455592654992.jpg"
      },
      {
        "product_id": "6291",
        "channel_id": "3",
        "brand_id": "9",
        "p_catalog_id": "90",
        "name": "\u3010\u6b6a\u74dc\u51fa\u54c1\u3011 \u9b54\u5361\u5c11\u5973\u6a31\u767e\u53d8\u5c0f\u6a31\u9b54\u6cd5\u9635pvc\u5c0f\u591c\u706fled3d\u53f0\u706f\u52a8\u6f2b\u5468\u8fb9",
        "cover_price": "59.00",
        "origin_price": "118.00",
        "brief": "",
        "figure": "\/1462528256303.jpg"
      },
      {
        "product_id": "2824",
        "channel_id": "8",
        "brand_id": "230",
        "p_catalog_id": "65",
        "name": "\u3010\u753b\u5f71\u3011\u6076\u9b54\u55b5 \u4e07\u5723\u8282Ver. \u732b\u661f\u4eba \u539f\u521b\u65e5\u5e38\u52a0\u7ed2\u536b\u8863 ",
        "cover_price": "118.00",
        "origin_price": "118.00",
        "brief": "\u73b0\u8d27~",
        "figure": "\/1447676573565.jpg"
      },
      {
        "product_id": "3405",
        "channel_id": "3",
        "brand_id": "18",
        "p_catalog_id": "82",
        "name": "[\u6563\u6f2b\u820d]\u4e1c\u65b9project\u5e15\u79cb\u8389 lolita\u98ce \u9b54\u6cd5\u4e66\u672c \u5355\u80a9\u5305 \u659c\u630e\u5305",
        "cover_price": "98.00",
        "origin_price": "98.00",
        "brief": "\u9b54\u6cd5\u4e66(bao)\u7531\u6563\u6f2b\u820d\u63d0\u4f9b\uff0c5\u4e2a\u5de5\u4f5c\u65e5\u5185\u65bd\u653e\u53d1\u8d27\u9b54\u6cd5",
        "figure": "\/1449715757610.jpg"
      },
      {
        "product_id": "2696",
        "channel_id": "4",
        "brand_id": "18",
        "p_catalog_id": "82",
        "name": "\u3010\u6f2b\u8e2a\u3011\u4e1c\u65b9project  \u96fe\u96e8\u9b54\u7406\u6c99 \u9ed1\u767d\u5355\u80a9\u5305\u659c\u630e\u5305",
        "cover_price": "101.60",
        "origin_price": "127.00",
        "brief": "",
        "figure": "\/1447234476825.jpg"
      },
      {
        "product_id": "2652",
        "channel_id": "12",
        "brand_id": "9",
        "p_catalog_id": "73",
        "name": "\u3010\u5e78\u8fd0\u77f3\u3011\u9b54\u5361\u5c11\u5973\u6a31\u9879\u94fe \u767e\u53d8\u5c0f\u6a31  \u5c01\u5370\u94a5\u5319925\u94f6\u540a\u5760",
        "cover_price": "89.00",
        "origin_price": "199.00",
        "brief": "",
        "figure": "\/1446801811626.jpg"
      },
      {
        "product_id": "5197",
        "channel_id": "8",
        "brand_id": "5",
        "p_catalog_id": "71",
        "name": "\u3010USEE\u54df\u559c\u3011 \u539f\u521b\u7eb9\u8eab\u8d34\u9632\u6c34 \u5929\u4f7f\u9b54\u9b3c\u7fc5\u8180 \u60c5\u4fa3\u6b3e \u9ed1\u767d\u6301\u4e45  \u4e07\u5723\u8282\u9970\u54c1",
        "cover_price": "2.00",
        "origin_price": "2.00",
        "brief": "",
        "figure": "\/supplier\/1469806936403.jpg"
      }
    ],
    "catalog_data": false,
    "brand_data": false,
    "is_recommended": "1"
  }
}