{
  "code": 200,
  "msg": "\u8bf7\u6c42\u6210\u529f",
  "result": {
    "page_data": [
      {
        "product_id": "3210",
        "channel_id": "3",
        "brand_id": "182",
        "p_catalog_id": "34",
        "name": "\u3010\u5929\u95fb\u89d2\u5ddd\u3011\u76f4\u4f9b  \u63d2\u753b\u4fbf\u7b7e\u8d34\u672c04\u00b7\u963f\u4e9a\u4e9a",
        "cover_price": "28.00",
        "origin_price": "28.00",
        "brief": "",
        "figure": "\/1449136042273.jpg"
      },
      {
        "product_id": "5904",
        "channel_id": "6",
        "brand_id": "182",
        "p_catalog_id": "31",
        "name": "\u3010\u5929\u95fb\u89d2\u5ddd\u3011\u76f4\u4f9b \u300a\u5440\u5440\u300b\u9650\u5b9a\u7b7e\u540d\u7248\u624b\u7ed8\u6298\u624701\u00b7\u5440\u5440 \u590f\u65e5\u51fa\u884c",
        "cover_price": "35.00",
        "origin_price": "35.00",
        "brief": "",
        "figure": "\/1460448906575.jpg"
      },
      {
        "product_id": "3227",
        "channel_id": "3",
        "brand_id": "182",
        "p_catalog_id": "34",
        "name": "\u3010\u5929\u95fb\u89d2\u5ddd\u3011\u76f4\u4f9b \u63d2\u753b\u4fbf\u7b7e\u8d34\u672c03\u00b7\u590f\u5c0f\u9c9f",
        "cover_price": "28.00",
        "origin_price": "49.00",
        "brief": "",
        "figure": "\/1458808122632.jpg"
      },
      {
        "product_id": "358",
        "channel_id": "6",
        "brand_id": "182",
        "p_catalog_id": "31",
        "name": "\u3010\u5929\u95fb\u89d2\u5ddd\u3011\u76f4\u4f9b \u53e4\u98ce\u7cfb\u5217\u7eb8\u8d28\u56e2\u624701\u00b7\u5440\u5440 \u590f\u65e5\u51fa\u884c",
        "cover_price": "20.00",
        "origin_price": "20.00",
        "brief": "",
        "figure": "\/1436519296422.jpg"
      },
      {
        "product_id": "3694",
        "channel_id": "3",
        "brand_id": "182",
        "p_catalog_id": "21",
        "name": "\u3010\u5929\u95fb\u89d2\u5ddd\u3011\u65e0\u5934\u9a91\u58eb\u5f02\u95fb\u5f55DuRaRaRa!!\u00d72\u9999\u6c34\u5957\u88c5\uff08\u8d60\u5305\u9970\uff09\u4e34\u4e5f\u6b3e",
        "cover_price": "108.00",
        "origin_price": "128.00",
        "brief": "OVO\uff0c\u544a\u8bc9\u5c0f\u4ed3\uff0c\u4e34\u4e5f\u9999\u4e0d\u9999",
        "figure": "\/1451022551187.jpg"
      },
      {
        "product_id": "1353",
        "channel_id": "4",
        "brand_id": "182",
        "p_catalog_id": "33",
        "name": "\u3010\u5929\u95fb\u89d2\u5ddd\u3011\u5200\u5251\u4e71\u821e-ONLINE- \u6e38\u620f\u57ab \u9f20\u6807\u57ab \u684c\u57ab",
        "cover_price": "70.00",
        "origin_price": "70.00",
        "brief": "\u9884\u8ba116\u5e745\u6708\u4e2d\u4e0b\u65ec\u5230",
        "figure": "\/1445411477129.jpg"
      },
      {
        "product_id": "91",
        "channel_id": "3",
        "brand_id": "182",
        "p_catalog_id": "17",
        "name": "\u3010\u5929\u95fb\u89d2\u5ddd\u3011\u6298\u4f1e \u55b5\u661f\u4eba\u00b7\u897f\u74dc \u590f\u65e5\u51fa\u884c",
        "cover_price": "69.00",
        "origin_price": "100.00",
        "brief": "",
        "figure": "\/1433836321215.jpg"
      },
      {
        "product_id": "10054",
        "channel_id": "3",
        "brand_id": "100",
        "p_catalog_id": "24",
        "name": "\u9884\u552e\u3010\u6f2b\u53cb\u6587\u5316\u3011\u5168\u804c\u9ad8\u624b5 \u6bc1\u4eba\u4e0d\u5026 \u5168\u65b0\u5178\u85cf\u7248 \u8774\u8776\u84dd \u968f\u4e66\u8d60\u5fae\u8349\u6218\u961f\u8001\u9ec4\u5386+\u7cbe\u7f8e\u5927\u6d77\u62a5    \u5929\u95fb\u89d2\u5ddd",
        "cover_price": "32.00",
        "origin_price": "38.00",
        "brief": "\u9884\u552e\u671f\u81f311\u6708\u4e2d\u65ec\uff0c\u51fa\u8d27\u540e\u6309\u8ba2\u5355\u987a\u5e8f\u5b89\u6392\u53d1\u8d27\u5662~\r\n\u504f\u8fdc\u5730\u533a\u6682\u4e0d\u53c2\u4e0e\u6ee1129\u5305\u90ae\u5662,\u504f\u8fdc\u5730\u533a\u5305\u542b:\uff08\u897f\u85cf\u3001\u65b0\u7586\u3001\u9ed1\u9f99\u6c5f\u3001\u8fbd\u5b81\u3001\u5409\u6797\u3001\u9752\u6d77\u3001\u5b81\u590f\u3001\u7518\u8083\u3001\u5185\u8499\u53e4\u3001\u6e2f\u6fb3\u53f0\u53ca\u6d77\u5916\u5730\u533a\uff09",
        "figure": "\/supplier\/1477287954292.jpg"
      },
      {
        "product_id": "349",
        "channel_id": "4",
        "brand_id": "182",
        "p_catalog_id": "31",
        "name": "\u3010\u5929\u95fb\u89d2\u5ddd\u3011\u76f4\u4f9b \u53e4\u98ce\u7cfb\u5217\u7eb8\u8d28\u56e2\u624715\u00b7\u666f\u6b8a \u590f\u65e5\u51fa\u884c",
        "cover_price": "20.00",
        "origin_price": "20.00",
        "brief": "",
        "figure": "\/1436516724018.jpg"
      },
      {
        "product_id": "346",
        "channel_id": "4",
        "brand_id": "182",
        "p_catalog_id": "27",
        "name": "\u3010\u5929\u95fb\u89d2\u5ddd\u3011\u76f4\u4f9b \u7b52\u88c5\u6a2a\u5e45\u6d77\u62a5\u2022\u666f\u6b8a\u6b3e",
        "cover_price": "25.00",
        "origin_price": "25.00",
        "brief": "\u5546\u54c1\u540d\uff1a\u7b52\u88c5\u6a2a\u5e45\u6d77\u62a5\u00b7\u666f\u6b8a\u6b3e\u5c3a\u5bf8\uff1a1000x243mm\u6750\u8d28\uff1a\u7279\u79cd\u7eb8 \u5546\u54c1\u7b80\u4ecb\uff1a\u5341\u5927\u95e8\u6d3e\u5171\u805a\u6c5f\u6e56\uff0c\u5171\u8c31\u4e00\u66f2\u82f1\u96c4\u610f\uff01\u5929\u95fb\u89d2\u5ddd\u7279\u522b\u63a8\u51fa1\u7c73\u6a2a\u5e45\u5927\u6d77\u62a5\uff0c\u5c06\u5341\u5927\u95e8\u6d3e\u7684\u5973\u4fa0\u6536\u5165\u753b\u5377\uff0c\u5b9b\u5982\u4e00\u5377\u8299\u84c9\u5982\u9762\u67f3\u5982\u7709\u7684\u58ee\u4e3d\u957f\u6b4c\u3002\u5305\u88c5\u91c7\u7528\u5377\u8f74\u8bbe\u8ba1\uff0c\u62ff\u5728\u624b\u4e2d\u4eff\u4f5b\u968f\u65f6\u90fd\u80fd\u7a7f\u8d8a\u5230\u90a3\u5200\u5149\u5251\u5f71\u3001\u4fa0\u9aa8\u67d4\u60c5\u7684\u6b66\u4fa0\u4e16\u754c\uff01",
        "figure": "\/1436514566285.jpg"
      },
      {
        "product_id": "353",
        "channel_id": "6",
        "brand_id": "182",
        "p_catalog_id": "31",
        "name": "\u3010\u5929\u95fb\u89d2\u5ddd\u3011\u76f4\u4f9b \u63d2\u753b\u6298\u624704\u00b7\u897f\u74dc \u590f\u65e5\u51fa\u884c",
        "cover_price": "35.00",
        "origin_price": "35.00",
        "brief": "",
        "figure": "\/1436518711354.jpg"
      },
      {
        "product_id": "3278",
        "channel_id": "3",
        "brand_id": "182",
        "p_catalog_id": "85",
        "name": "\u3010\u5929\u95fb\u89d2\u5ddd\u3011\u300a\u753b\u5323\u5b50\u00b7\u590f\u5c0f\u9c9f\u300b\u773c\u955c\u5e03A\u6b3e",
        "cover_price": "18.00",
        "origin_price": "18.00",
        "brief": "",
        "figure": "\/1449222706566.jpg"
      },
      {
        "product_id": "391",
        "channel_id": "6",
        "brand_id": "182",
        "p_catalog_id": "6",
        "name": "\u3010\u5929\u95fb\u89d2\u5ddd\u3011\u76f4\u4f9b 8k\u63d2\u753b\u901f\u5199\u677f04\u00b7\u5440\u5440",
        "cover_price": "20.00",
        "origin_price": "20.00",
        "brief": "",
        "figure": "\/1437036655736.jpg"
      },
      {
        "product_id": "384",
        "channel_id": "6",
        "brand_id": "182",
        "p_catalog_id": "28",
        "name": "\u3010\u5929\u95fb\u89d2\u5ddd\u3011\u76f4\u4f9b \u4eff\u74f7\u789f\u5957\u88c504\u00b7Chiya",
        "cover_price": "49.00",
        "origin_price": "49.00",
        "brief": "",
        "figure": "\/1437034082527.jpg"
      },
      {
        "product_id": "3276",
        "channel_id": "12",
        "brand_id": "182",
        "p_catalog_id": "73",
        "name": "\u3010\u5929\u95fb\u89d2\u5ddd\u3011\u76f4\u4f9b \u590d\u53e4\u88c5\u9970\u9879\u94fe06\u00b7Chiya",
        "cover_price": "30.00",
        "origin_price": "30.00",
        "brief": "",
        "figure": "\/1449221972832.jpg"
      },
      {
        "product_id": "7135",
        "channel_id": "3",
        "brand_id": "72",
        "p_catalog_id": "24",
        "name": "\u3010\u65e0\u7279\u5178\u8d34\u7eb8\u3011\u3010\u5929\u95fb\u89d2\u5ddd\u3011\u300a\u5168\u804c\u9ad8\u624b\u300b\u5168\u65b0\u7279\u5178\u72481 \u5957\u9910B",
        "cover_price": "67.00",
        "origin_price": "67.00",
        "brief": "\u5230\u8d27\u65f6\u95f47\u6708\u4e2d\u30026\u670817\u65e520\uff1a00\u20146\u670820\u65e520\uff1a00\u671f\u95f4\u4e0b\u5355\u5b8c\u6210\u652f\u4ed8\u7684\u5747\u6709\u8d34\u7eb8\u7279\u5178\r\n\r\n\u5176\u4f59\u8d2d\u4e70\u65f6\u95f4\u5747\u65e0\u8d34\u7eb8\u7279\u5178\uff0c\u5546\u54c1\u540d\u6539\u52a8\u4e0d\u5f71\u54cd\u7279\u5178\u671f\u95f4\u4e0b\u5355\u7684\u987e\u5ba2\u3002 ",
        "figure": "\/1466424130285.jpg"
      },
      {
        "product_id": "5906",
        "channel_id": "11",
        "brand_id": "182",
        "p_catalog_id": "37",
        "name": "\u3010\u5929\u95fb\u89d2\u5ddd\u3011\u76f4\u4f9b \u6302\u7ef3\u5361\u595705\u00b7\u590f\u5c0f\u9c9f",
        "cover_price": "20.00",
        "origin_price": "20.00",
        "brief": "",
        "figure": "\/1460449593631.jpg"
      },
      {
        "product_id": "5911",
        "channel_id": "11",
        "brand_id": "182",
        "p_catalog_id": "35",
        "name": "\u3010\u5929\u95fb\u89d2\u5ddd\u3011 \u76f4\u4f9b \u7eb8\u8d28\u6536\u7eb3\u76d201\u00b7\u590f\u5c0f\u9c9f",
        "cover_price": "28.00",
        "origin_price": "28.00",
        "brief": "",
        "figure": "\/1460450861517.jpg"
      },
      {
        "product_id": "357",
        "channel_id": "3",
        "brand_id": "182",
        "p_catalog_id": "34",
        "name": "\u3010\u5929\u95fb\u89d2\u5ddd\u3011\u76f4\u4f9b \u6c6a\u661f\u4eba \u63d2\u753b\u4fbf\u7b7e\u8d34\u672c01\u00b7\u897f\u74dc",
        "cover_price": "28.00",
        "origin_price": "35.00",
        "brief": "",
        "figure": "\/1436519174829.jpg"
      },
      {
        "product_id": "3261",
        "channel_id": "3",
        "brand_id": "182",
        "p_catalog_id": "37",
        "name": "\u3010\u5929\u95fb\u89d2\u5ddd\u3011\u76f4\u4f9b \u63d2\u753b\u5361\u8d34\u5957\u88c505\u00b7\u897f\u74dc",
        "cover_price": "7.00",
        "origin_price": "7.00",
        "brief": "",
        "figure": "\/1449218931623.jpg"
      }
    ],
    "catalog_data": false,
    "brand_data": false,
    "is_recommended": "0"
  }
}