{
  "code": 200,
  "msg": "\u8bf7\u6c42\u6210\u529f",
  "result": {
    "page_data": [
      {
        "product_id": "3179",
        "channel_id": "3",
        "brand_id": "277",
        "p_catalog_id": "29",
        "name": "\u3010\u5f69\u8679\u5802\u3011\u6b63\u7248\u7f57\u5c0f\u9ed1\u6218\u8bb0\u73a9\u5076\u8db4\u8db4\u6b3e\u9ed1\u732b\u840c\u732b\u6bdb\u7ed2\u516c\u4ed4",
        "cover_price": "319.00",
        "origin_price": "319.00",
        "brief": "",
        "figure": "\/1449048894730.jpg"
      },
      {
        "product_id": "7739",
        "channel_id": "15",
        "brand_id": "419",
        "p_catalog_id": "73",
        "name": "\u3010\u4e24\u758f\u5802\u3011\u624b\u5de5 \u53e4\u5178\u7c2a\u5b50 \u70e7\u84dd\u53d1\u7c2a \u6d41\u82cf\u6b65\u6447 \u666f\u6cf0\u84dd \u5409\u7965\u83b2\u82b1",
        "cover_price": "49.30",
        "origin_price": "58.00",
        "brief": "\u5236\u4f5c\u5de5\u671f\u7ea614\u5929\u5de6\u53f3\uff0c\u5b8c\u5de5\u540e\u5b89\u6392\u53d1\u8d27\u3002",
        "figure": "\/1467699147760.jpg"
      },
      {
        "product_id": "7841",
        "channel_id": "15",
        "brand_id": "419",
        "p_catalog_id": "73",
        "name": "\u3010 \u4e24\u758f\u5802\u3011\u624b\u5de5\u53e4\u5178\u7c2a\u5b50 \u6c49\u670d\u53d1\u7c2a  \u4e2d\u79cb\u8282\u7279\u5236",
        "cover_price": "38.25",
        "origin_price": "45.00",
        "brief": "\u5236\u4f5c\u5de5\u671f\u7ea614\u5929\u5de6\u53f3\uff0c\u5b8c\u5de5\u540e\u5b89\u6392\u53d1\u8d27\u3002\n",
        "figure": "\/supplier\/1467821957419.jpg"
      },
      {
        "product_id": "7774",
        "channel_id": "15",
        "brand_id": "419",
        "p_catalog_id": "73",
        "name": "\u3010\u4e24\u758f\u5802\u3011\u624b\u5de5 \u53e4\u5178\u70e7\u84dd\u7c2a\u5b50 \u53e4\u88c5\u5934\u9970 \u6d41\u82cf \u666f\u6cf0\u84dd\u53d1\u7c2a \u3010\u4e0d\u77e5\u6101",
        "cover_price": "70.40",
        "origin_price": "88.00",
        "brief": "\u5236\u4f5c\u5de5\u671f\u7ea614\u5929\u5de6\u53f3\uff0c\u5b8c\u5de5\u540e\u5b89\u6392\u53d1\u8d27\u3002",
        "figure": "\/1467708693817.jpg"
      },
      {
        "product_id": "7733",
        "channel_id": "15",
        "brand_id": "419",
        "p_catalog_id": "73",
        "name": "\u3010\u4e24\u758f\u5802\u3011 \u624b\u5de5 \u6c49\u670d\u53d1\u9970 \u53e4\u98ce\u53d1\u7c2a \u5510\u98ce\u53e4\u88c5 \u5927\u6247\u5f62",
        "cover_price": "33.15",
        "origin_price": "39.00",
        "brief": "\u5236\u4f5c\u5de5\u671f\u7ea614\u5929\u5de6\u53f3\uff0c\u5b8c\u5de5\u540e\u5b89\u6392\u53d1\u8d27\u3002",
        "figure": "\/1467688478811.jpg"
      },
      {
        "product_id": "7740",
        "channel_id": "15",
        "brand_id": "419",
        "p_catalog_id": "73",
        "name": "\u3010\u4e24\u758f\u5802\u3011\u539f\u521b \u624b\u5de5 \u53e4\u88c5\u5934\u9970 \u666f\u6cf0\u84dd\u53d1\u7c2a  \u3010\u4e09\u83b2\u56fe",
        "cover_price": "49.30",
        "origin_price": "58.00",
        "brief": "\u5236\u4f5c\u5de5\u671f\u7ea620\u5929\u5de6\u53f3\uff0c\u5b8c\u5de5\u540e\u5b89\u6392\u53d1\u8d27\u3002",
        "figure": "\/1467699366110.jpg"
      },
      {
        "product_id": "7846",
        "channel_id": "15",
        "brand_id": "419",
        "p_catalog_id": "73",
        "name": "\u3010 \u4e24\u758f\u5802\u3011\u539f\u521b\u624b\u5de5 \u6c49\u670d\u53d1\u9970\u53d1\u5939 \u53e4\u5178\u62ab\u98ce\u6263\u5706\u5f62\u80f8\u9488",
        "cover_price": "72.25",
        "origin_price": "85.00",
        "brief": "",
        "figure": "\/supplier\/1467822832168.jpg"
      },
      {
        "product_id": "10329",
        "channel_id": "12",
        "brand_id": "419",
        "p_catalog_id": "73",
        "name": "\u3010\u4e24\u758f\u5802\u3011 \u624b\u5de5 \u53e4\u5178\u53d1\u7c2a \u4e2d\u5f0f\u6c49\u670d \u914d\u9970 \u6b65\u6447 \u53e4\u88c5\u5934\u9970 \u53e4\u98ce\u6d41\u82cf\u7c2a\u5b50--\u5143\u5915",
        "cover_price": "75.65",
        "origin_price": "89.00",
        "brief": "\u6ca1\u6709\u73b0\u8d27\uff01\u5236\u4f5c\u5de5\u671f\u7ea615\u5929\u5de6\u53f3\uff0c\u5b8c\u5de5\u540e\u5b89\u6392\u53d1\u8d27\uff01\uff01",
        "figure": "\/1477653755698.jpg"
      },
      {
        "product_id": "7844",
        "channel_id": "15",
        "brand_id": "419",
        "p_catalog_id": "73",
        "name": "\u3010\u4e24\u758f\u5802\u3011\u539f\u521b\u624b\u5de5 \u6c49\u670d\u53d1\u7c2a \u70e7\u84dd\u8774\u8776",
        "cover_price": "55.25",
        "origin_price": "65.00",
        "brief": "\u5236\u4f5c\u5de5\u671f\u7ea620\u5929\uff0c\u5b8c\u5de5\u540e\u5b89\u6392\u53d1\u8d27",
        "figure": "\/supplier\/1467822511193.jpg"
      },
      {
        "product_id": "10331",
        "channel_id": "12",
        "brand_id": "419",
        "p_catalog_id": "73",
        "name": "\u3010\u4e24\u758f\u5802\u3011 \u624b\u5de5 \u53e4\u5178\u53d1\u7c2a \u4e2d\u5f0f\u6c49\u670d\u914d\u9970 \u6b65\u6447 \u53e4\u88c5\u5934\u9970 \u53e4\u98ce\u6d41\u82cf\u7c2a\u5b50",
        "cover_price": "38.25",
        "origin_price": "45.00",
        "brief": "\u6ca1\u6709\u73b0\u8d27\uff01\uff01\u5236\u4f5c\u5de5\u671f\u7ea615\u5929\u5de6\u53f3\uff0c\u5b8c\u5de5\u540e\u5b89\u6392\u53d1\u8d27\uff01",
        "figure": "\/1477656465825.jpg"
      },
      {
        "product_id": "3179",
        "channel_id": "3",
        "brand_id": "277",
        "p_catalog_id": "29",
        "name": "\u3010\u5f69\u8679\u5802\u3011\u6b63\u7248\u7f57\u5c0f\u9ed1\u6218\u8bb0\u73a9\u5076\u8db4\u8db4\u6b3e\u9ed1\u732b\u840c\u732b\u6bdb\u7ed2\u516c\u4ed4",
        "cover_price": "319.00",
        "origin_price": "319.00",
        "brief": "",
        "figure": "\/1449048894730.jpg"
      },
      {
        "product_id": "3368",
        "channel_id": "3",
        "brand_id": "277",
        "p_catalog_id": "97",
        "name": "\u3010\u5f69\u8679\u5802\u3011\u6b63\u54c1 \u7f57\u5c0f\u9ed1\u53ef\u7231\u5361\u901a\u9ed1\u8272\u70ab\u9177\u62c9\u6746\u7bb1 \u65c5\u884c\u7bb1 \u767b\u673a\u7bb1",
        "cover_price": "329.00",
        "origin_price": "359.00",
        "brief": "",
        "figure": "\/1449646802386.jpg"
      },
      {
        "product_id": "3364",
        "channel_id": "3",
        "brand_id": "277",
        "p_catalog_id": "17",
        "name": "\u3010\u5f69\u8679\u5802\u3011\u6b63\u54c1 \u7f57\u5c0f\u9ed1\u96e8\u4f1e \u9632\u6652\u7d2b\u5916\u7ebf\u592a\u9633\u4f1e \u4fbf\u643a\u4e09\u6298\u53cc\u5c42\u6674\u96e8\u4f1e \u590f\u65e5\u51fa\u884c",
        "cover_price": "89.00",
        "origin_price": "168.00",
        "brief": "",
        "figure": "\/1460100813444.jpg"
      },
      {
        "product_id": "3356",
        "channel_id": "3",
        "brand_id": "277",
        "p_catalog_id": "81",
        "name": "\u3010\u5f69\u8679\u5802\u3011\u6b63\u54c1 \u7f57\u5c0f\u9ed1\u6218\u8bb0 \u563f\u563f\u563f\u56db\u4ef6\u5957 \u97e9\u7248\u52a0\u539a\u73ca\u745a\u7ed2 \u88ab\u5b50",
        "cover_price": "249.00",
        "origin_price": "249.00",
        "brief": "",
        "figure": "\/1449645488851.jpg"
      },
      {
        "product_id": "3184",
        "channel_id": "3",
        "brand_id": "277",
        "p_catalog_id": "105",
        "name": "\u3010\u5f69\u8679\u5802\u3011\u6b63\u7248\u7f57\u5c0f\u9ed1\u8fde\u5e3d\u56f4\u5dfe\u624b\u5957\u53ef\u7231\u5973\u52a0\u539a\u767e\u642d\u56f4\u8116\u5e3d\u5b50",
        "cover_price": "128.00",
        "origin_price": "169.00",
        "brief": "",
        "figure": "\/1449050544323.jpg"
      },
      {
        "product_id": "3183",
        "channel_id": "3",
        "brand_id": "277",
        "p_catalog_id": "77",
        "name": "\u3010\u5f69\u8679\u5802\u3011\u6b63\u7248\u7f57\u5c0f\u9ed1 \u6bd4\u4e22\u6bdb\u7ed2\u624b\u673a\u5305\u5361\u5305\u96f6\u94b1\u5305",
        "cover_price": "69.00",
        "origin_price": "88.00",
        "brief": "",
        "figure": "\/1449050430294.jpg"
      },
      {
        "product_id": "3363",
        "channel_id": "3",
        "brand_id": "277",
        "p_catalog_id": "79",
        "name": "\u3010\u5f69\u8679\u5802\u3011\u6b63\u54c1 \u7f57\u5c0f\u9ed1\u53cc\u80a9\u5305 \u5355\u80a9\u5305\u624b\u63d0 \u4e66\u5305",
        "cover_price": "244.00",
        "origin_price": "468.00",
        "brief": "",
        "figure": "\/1449646253876.jpg"
      },
      {
        "product_id": "3176",
        "channel_id": "3",
        "brand_id": "277",
        "p_catalog_id": "26",
        "name": "\u3010\u5f69\u8679\u5802\u3011\u6b63\u7248\u7f57\u5c0f\u9ed1 \u6bd4\u4e22\u6bdb\u7ed2\u94a5\u5319\u5305\u96f6\u94b1\u5305",
        "cover_price": "35.00",
        "origin_price": "59.00",
        "brief": "",
        "figure": "\/1449048540214.jpg"
      },
      {
        "product_id": "4504",
        "channel_id": "3",
        "brand_id": "302",
        "p_catalog_id": "70",
        "name": "\u3010\u5f69\u8679\u5802\u3011\u963f\u72f8\u6b63\u7248 \u9488\u7ec7\u5e26\u8033\u6735\u840c\u840c\u54d2\u51ac\u5e3d\u5b50 Ali\u7ecf\u5178\u7ea2\u51ac\u5b63\u4fdd\u6696",
        "cover_price": "69.00",
        "origin_price": "99.00",
        "brief": "",
        "figure": "\/1454576075791.jpg"
      },
      {
        "product_id": "3351",
        "channel_id": "3",
        "brand_id": "277",
        "p_catalog_id": "90",
        "name": "\u3010\u5f69\u8679\u5802\u3011\u6b63\u54c1 \u7f57\u5c0f\u9ed1\u50a8\u94b1\u7f50 \u9676\u74f7\u6251\u6ee1\u5b58\u94b1\u7f50 \u684c\u9762\u6446\u4ef6\u50a8\u84c4\u7f50",
        "cover_price": "98.00",
        "origin_price": "129.00",
        "brief": "",
        "figure": "\/1449644345692.jpg"
      }
    ],
    "catalog_data": false,
    "brand_data": false,
    "is_recommended": "1"
  }
}