{
  "code": 200,
  "msg": "\u8bf7\u6c42\u6210\u529f",
  "result": {
    "page_data": [
      {
        "product_id": "4199",
        "channel_id": "8",
        "brand_id": "5",
        "p_catalog_id": "52",
        "name": "\u3010\u7b52\u83f2\u3011 \u5a03\u5a03\u9886\u94a2\u7434\u8936\u886c\u8863-\u767d\u8272\u6b3e",
        "cover_price": "68.00",
        "origin_price": "88.00",
        "brief": "",
        "figure": "\/1453430837730.png"
      },
      {
        "product_id": "3703",
        "channel_id": "5",
        "brand_id": "286",
        "p_catalog_id": "21",
        "name": "\u3010\u6d77\u9e1f\u8de8\u5883\u3011The Face Shop\u83f2\u8bd7\u5c0f\u94fa\u776b\u6bdb\u818f",
        "cover_price": "25.50",
        "origin_price": "30.00",
        "brief": "3-5\u5929\u53d1\u8d27 \u968f\u673a\u4fdd\u7a0e\u4ed3\u76f4\u53d1\r\n\r\n\u4f7f\u7528\u65b9\u6cd5\uff1a\uff08\u4f7f\u7528\u773c\u971c\u540e\u4e00\u5b9a\u8981\u773c\u971c\u5438\u6536\u540e\u518d\u5237\u776b\u6bdb\u818f\uff09\r\n1.\u5c06\u776b\u6bdb\u818f\u6162\u6162\u5730\u5411\u4e0a\u65cb\u8f6c\u53d6\u51fa\u3002\r\n2.\u8f7b\u8f7b\u5730\u5237\u4e0a\u776b\u6bdb\uff0c\u4ece\u4e0b\u65b9\u7531\u776b\u6bdb\u6839\u90e8\u5411\u672b\u68a2\u90e8\u6162\u6162\u6d82\u5300\u3002\r\n3.\u5c06\u776b\u6bdb\u818f\u5782\u76f4\u7acb\u8d77\uff0c\u5de6\u53f3\u6765\u56de\u4ed4\u7ec6\u5730\u5237\u4e0b\u776b\u6bdb\u3002\r\n4.\u91cd\u590d\u4e0a\u8272\u80fd\u66f4\u52a0\u7a81\u51fa\u776b\u6bdb\u8272\u5f69",
        "figure": "\/supplier\/1451030845987.jpg"
      },
      {
        "product_id": "4202",
        "channel_id": "8",
        "brand_id": "5",
        "p_catalog_id": "52",
        "name": "\u3010\u7b52\u83f2\u3011\u7eaf\u68c9\u7eaf\u8272\u5a03\u5a03\u9886\u957f\u8896\u886c\u886b-\u767d\u8272\u6b3e",
        "cover_price": "79.00",
        "origin_price": "110.00",
        "brief": "",
        "figure": "\/1453433171935.png"
      },
      {
        "product_id": "4191",
        "channel_id": "8",
        "brand_id": "5",
        "p_catalog_id": "52",
        "name": "\u3010\u7b52\u83f2\u3011T.M.E 03\u4fee\u8eab\u767e\u642d\u523a\u7ee3\u6ce1\u6ce1\u8896 \u957f\u8896\u886c\u886b",
        "cover_price": "83.00",
        "origin_price": "118.00",
        "brief": "",
        "figure": "\/1453370215241.png"
      },
      {
        "product_id": "4190",
        "channel_id": "8",
        "brand_id": "5",
        "p_catalog_id": "52",
        "name": "\u3010\u7b52\u83f2\u3011T.M.E 02\u4fee\u8eab\u767e\u642d\u523a\u7ee3\u6ce1\u6ce1\u8896 \u957f\u8896\u886c\u886b",
        "cover_price": "83.00",
        "origin_price": "118.00",
        "brief": "",
        "figure": "\/1453369685753.png"
      },
      {
        "product_id": "4198",
        "channel_id": "8",
        "brand_id": "5",
        "p_catalog_id": "52",
        "name": "\u3010\u7b52\u83f2\u3011 \u7acb\u9886\u857e\u4e1d\u957f\u8896\u886c\u886b",
        "cover_price": "76.00",
        "origin_price": "88.00",
        "brief": "",
        "figure": "\/1453374854939.png"
      },
      {
        "product_id": "9220",
        "channel_id": "3",
        "brand_id": "459",
        "p_catalog_id": "113",
        "name": "\u3010GEM\u3011 1\/3bjd\u5a03\u5a03\uff0c\u7537\u5a03 \u58a8\u83f2 Murphy",
        "cover_price": "1742.50",
        "origin_price": "2980.00",
        "brief": "GEM\u5b98\u65b9\u5165\u9a7b\uff01",
        "figure": "\/supplier\/1473431709207.jpg"
      },
      {
        "product_id": "4205",
        "channel_id": "8",
        "brand_id": "5",
        "p_catalog_id": "52",
        "name": "\u3010\u7b52\u83f2\u3011\u7eaf\u68c9\u7eaf\u8272\u5a03\u5a03\u9886\u957f\u8896\u886c\u886b-\u6d45\u7eff\u6b3e",
        "cover_price": "79.00",
        "origin_price": "110.00",
        "brief": "",
        "figure": "\/1453434028981.png"
      },
      {
        "product_id": "8905",
        "channel_id": "13",
        "brand_id": "127",
        "p_catalog_id": "48",
        "name": "\u3010INMAX\u3011\u9884\u552e\u6b63\u7248square enix FF7\u6700\u7ec8\u5e7b\u60f3VII \u518d\u4e34\u4e4b\u5b50 \u8428\u83f2\u7f57\u65af\u624b\u529e\u65b0\u54c1",
        "cover_price": "992.00",
        "origin_price": "992.00",
        "brief": "",
        "figure": "\/supplier\/1471945412643.jpg"
      },
      {
        "product_id": "4804",
        "channel_id": "13",
        "brand_id": "326",
        "p_catalog_id": "48",
        "name": "\u3010\u732b\u53d7\u5c4b\u3011FREEING \u9b54\u6cd5\u6218\u8bb0\u5948\u53f6Force \u83f2\u7279 \u5f3a\u88ad\u6a21\u5f0f \u624b\u529e \u9884\u5b9a",
        "cover_price": "1250.00",
        "origin_price": "1250.00",
        "brief": "",
        "figure": "\/1456458527339.jpg"
      },
      {
        "product_id": "2692",
        "channel_id": "4",
        "brand_id": "69",
        "p_catalog_id": "74",
        "name": "\u3010\u6f2b\u8e2a\u3011\u539f\u521b \u602a\u7269\u730e\u4eba \u767d\u5154\u517d \u77ed\u7b52\u96ea\u5730\u9774 \u6bdb\u7ed2\u7ef5\u978b\u51ac\u5b63\u978b\u5b50",
        "cover_price": "139.30",
        "origin_price": "199.00",
        "brief": "",
        "figure": "\/1447233155511.jpg"
      },
      {
        "product_id": "6021",
        "channel_id": "8",
        "brand_id": "234",
        "p_catalog_id": "84",
        "name": "\u3010\u53e4\u602a\u820d\u3011\u539f\u521b \u65e5\u5f0f\u5b66\u9662\u98ce\u7eaf\u68c9\u9ed1\u8272\u4e2d\u7b52\u53ca\u819d\u5c0f\u817f\u889c\u5b50-\u6076\u7075\u9000\u6563A18",
        "cover_price": "16.00",
        "origin_price": "16.00",
        "brief": "",
        "figure": "\/1461061822636.jpg"
      },
      {
        "product_id": "10616",
        "channel_id": "4",
        "brand_id": "254",
        "p_catalog_id": "90",
        "name": "\u9884\u552e\u3010\u6f2b\u8e2a\u3011\u4e8c\u6b21\u5143\u7535\u5439\u98ce\u7b52\u53ef\u6298\u53e0\u9759\u97f3 \u4e9a\u7d22\u9762\u5bf9\u75be\u98ce\u5427\u5439\u98ce\u673a",
        "cover_price": "129.00",
        "origin_price": "0.00",
        "brief": "\u9884\u552e\u671f\u81f312\u670816\u65e5\uff0c\u51fa\u8d27\u540e\u5c06\u6309\u8ba2\u5355\u987a\u5e8f\u5b89\u6392\u53d1\u8d27\u5662~",
        "figure": "\/1478773271555.jpg"
      },
      {
        "product_id": "4746",
        "channel_id": "3",
        "brand_id": "5",
        "p_catalog_id": "101",
        "name": "\u3010\u840c\u5947\u3011Mr\uff0eleaf \u9b54\u9b3c\u732b-\u97f3\u9b54\u8033\u673a\u5934\u6234\u5f0f\u91cd\u4f4e\u97f3 \u624b\u673a\u7535\u8111\u6e38\u620f\u8033\u9ea6\u5e26\u8bdd\u7b52",
        "cover_price": "168.00",
        "origin_price": "386.00",
        "brief": "\u5934\u6234\u5f0f\u8033\u673a \u8212\u9002\u4e4b\u9009 \u91cd\u4f4e\u97f3 \u624b\u673a\u7535\u8111\u6e38\u620f \u8033\u9ea6",
        "figure": "\/1459306999997.jpg"
      },
      {
        "product_id": "503",
        "channel_id": "11",
        "brand_id": "3",
        "p_catalog_id": "35",
        "name": "\u3010\u884d\u751f\u539f\u521b\u3011\u5251\u7f513 \u5251\u4e09\u95e8\u6d3e\u7af9\u5236\u7b14\u7b52 ",
        "cover_price": "20.00",
        "origin_price": "20.00",
        "brief": "<p>\u5251\u4fa0\u60c5\u7f18\u53c1 \u85cf\u5251\u7b14\u7b52<\/p><p>\u4ea7\u54c1\u6750\u8d28\u4e3a\u7eaf\u5929\u7136\u7af9\u7b52~<\/p><p>\u51fa\u54c1\uff1a\u55b5\u53fd\u53fd\u53fd\u5927\u8054\u840c\u2014\u2014\u94f6\u6247\u8349\u5de5\u574a<\/p>",
        "figure": "\/1438152915273.jpg"
      },
      {
        "product_id": "4199",
        "channel_id": "8",
        "brand_id": "5",
        "p_catalog_id": "52",
        "name": "\u3010\u7b52\u83f2\u3011 \u5a03\u5a03\u9886\u94a2\u7434\u8936\u886c\u8863-\u767d\u8272\u6b3e",
        "cover_price": "68.00",
        "origin_price": "88.00",
        "brief": "",
        "figure": "\/1453430837730.png"
      },
      {
        "product_id": "4202",
        "channel_id": "8",
        "brand_id": "5",
        "p_catalog_id": "52",
        "name": "\u3010\u7b52\u83f2\u3011\u7eaf\u68c9\u7eaf\u8272\u5a03\u5a03\u9886\u957f\u8896\u886c\u886b-\u767d\u8272\u6b3e",
        "cover_price": "79.00",
        "origin_price": "110.00",
        "brief": "",
        "figure": "\/1453433171935.png"
      },
      {
        "product_id": "8298",
        "channel_id": "5",
        "brand_id": "8",
        "p_catalog_id": "18",
        "name": "\u73b0\u8d27\u3010Uwowo\u3011\u5200\u5251\u4e71\u821ecosplay \u540c\u4ebacos \u65e5\u672c\u6c34\u624b\u670d\u889c\u5b50 jk\u957f\u7b52\u889c",
        "cover_price": "13.00",
        "origin_price": "13.00",
        "brief": "",
        "figure": "\/1469182594457.jpg"
      },
      {
        "product_id": "346",
        "channel_id": "4",
        "brand_id": "182",
        "p_catalog_id": "27",
        "name": "\u3010\u5929\u95fb\u89d2\u5ddd\u3011\u76f4\u4f9b \u7b52\u88c5\u6a2a\u5e45\u6d77\u62a5\u2022\u666f\u6b8a\u6b3e",
        "cover_price": "25.00",
        "origin_price": "25.00",
        "brief": "\u5546\u54c1\u540d\uff1a\u7b52\u88c5\u6a2a\u5e45\u6d77\u62a5\u00b7\u666f\u6b8a\u6b3e\u5c3a\u5bf8\uff1a1000x243mm\u6750\u8d28\uff1a\u7279\u79cd\u7eb8 \u5546\u54c1\u7b80\u4ecb\uff1a\u5341\u5927\u95e8\u6d3e\u5171\u805a\u6c5f\u6e56\uff0c\u5171\u8c31\u4e00\u66f2\u82f1\u96c4\u610f\uff01\u5929\u95fb\u89d2\u5ddd\u7279\u522b\u63a8\u51fa1\u7c73\u6a2a\u5e45\u5927\u6d77\u62a5\uff0c\u5c06\u5341\u5927\u95e8\u6d3e\u7684\u5973\u4fa0\u6536\u5165\u753b\u5377\uff0c\u5b9b\u5982\u4e00\u5377\u8299\u84c9\u5982\u9762\u67f3\u5982\u7709\u7684\u58ee\u4e3d\u957f\u6b4c\u3002\u5305\u88c5\u91c7\u7528\u5377\u8f74\u8bbe\u8ba1\uff0c\u62ff\u5728\u624b\u4e2d\u4eff\u4f5b\u968f\u65f6\u90fd\u80fd\u7a7f\u8d8a\u5230\u90a3\u5200\u5149\u5251\u5f71\u3001\u4fa0\u9aa8\u67d4\u60c5\u7684\u6b66\u4fa0\u4e16\u754c\uff01",
        "figure": "\/1436514566285.jpg"
      },
      {
        "product_id": "4191",
        "channel_id": "8",
        "brand_id": "5",
        "p_catalog_id": "52",
        "name": "\u3010\u7b52\u83f2\u3011T.M.E 03\u4fee\u8eab\u767e\u642d\u523a\u7ee3\u6ce1\u6ce1\u8896 \u957f\u8896\u886c\u886b",
        "cover_price": "83.00",
        "origin_price": "118.00",
        "brief": "",
        "figure": "\/1453370215241.png"
      }
    ],
    "catalog_data": false,
    "brand_data": false,
    "is_recommended": "1"
  }
}