{
  "code": 200,
  "msg": "\u8bf7\u6c42\u6210\u529f",
  "result": {
    "page_data": [
      {
        "product_id": "3281",
        "channel_id": "4",
        "brand_id": "281",
        "p_catalog_id": "71",
        "name": "\u3010\u4e00\u65b9\u5c18\u5bf0\u3011\u5251\u4e09 \u4e07\u82b1 \u5170\u4ead\u9999\u96ea 95\u5927\u6a59\u6b66\u53d1\u7c2a\u5468\u8fb9\u6446\u4ef6\u9884\u552e",
        "cover_price": "120.00",
        "origin_price": "159.00",
        "brief": "\u6700\u540e\u4e00\u6b21\u5f0095\u4e07\u82b1\u56e2\u4e86\uff01\uff01\uff01\u6700\u540e500\u4e2a\u5b8c\u552e\u540e\u5c31\u6b63\u5f0f\u5c01\u4ed3\u4e0d\u518d\u505a\u4e86\uff01\uff01 \r\n\u5927\u8d27\u6837\u56fe\u5df2\u51fa\uff01\uff01\u6539\u7248\u4e4b\u540e\u66f4\u5c4c\u6709\u6728\u6709\uff01\u771f\u91d1\u7535\u9540\u7edd\u5bf9\u8d85\u503c\uff01 \u5b9e\u529b\u6253\u9020\uff0c\u4e0d\u5bb9\u9519\u8fc7\uff01 \u7528\u5fc3\u6253\u78e8\uff0c\u53ea\u4e3a\u613f\u60a8\u4e00\u4e2a\u6a59\u6b66\u68a6\uff01\uff01\uff01\r\n\u56fe\u4e3a\u6700\u7ec8\u6837\uff0c\u9646\u7eed\u4f1a\u653e\u5927\u8d27\u9ad8\u6e05\u5927\u56fe\uff01\uff01\u5b9e\u529b\u6253\u9020\uff0c\u4e0d\u5bb9\u9519\u8fc7\uff01 \u7528\u5fc3\u6253\u78e8\uff0c\u53ea\u4e3a\u5706\u5c3c\u4e00\u4e2a\u6a59\u6b66\u68a6\uff01\uff01\uff01",
        "figure": "\/1453194827823.jpg"
      },
      {
        "product_id": "3794",
        "channel_id": "3",
        "brand_id": "234",
        "p_catalog_id": "28",
        "name": "\u3010\u53e4\u602a\u820d\u3011\u65e5\u672c\u534e\u4e3d\u548c\u98ce \u7e41\u534e\u94c1\u6728\u7b77\u5b50 \u4e00\u59575\u53cc \u793c\u76d2\u88c5 \u65e5\u5f0f\u9910\u5177 D43",
        "cover_price": "29.40",
        "origin_price": "30.00",
        "brief": "",
        "figure": "\/1451358670565.jpg"
      },
      {
        "product_id": "4948",
        "channel_id": "6",
        "brand_id": "336",
        "p_catalog_id": "10",
        "name": "\u3010\u6e05\u8d8a\u4e4b\u9e23\u3011\u539f\u521b\u6c49\u5143\u7d20\u65f6\u88c5 \u4e00\u4ef6\u5f0f\u9f50\u80f8\u8966\u88d9 \u4e8c\u5341\u56db\u8282\u6c14\u4e4b\u8c37\u96e8",
        "cover_price": "120.00",
        "origin_price": "120.00",
        "brief": "\u3010\u73b0\u8d27\u3011\u552e\u5b8c\u4e0d\u8865\r\n\u539f\u521b\u6c49\u5143\u7d20\uff0c\u8c37\u96e8\uff0c\u4e09\u7c73\u5927\u6446\uff0c\u56e0\u5149\u7ebf\u548c\u62cd\u6444\u7b49\u95ee\u9898\u53ef\u80fd\u4f1a\u6709\u4e9b\u8bb8\u8272\u5dee\uff0c\u4ecb\u610f\u614e\u62cd\u3002\r\n\u6ee1128\u5143\u5168\u56fd\u5305\u90ae\u3002",
        "figure": "\/supplier\/1456923360503.jpg"
      },
      {
        "product_id": "2526",
        "channel_id": "8",
        "brand_id": "77",
        "p_catalog_id": "105",
        "name": "\u3010\u7edd\u5bf9\u840c\u57df\u3011\u751c\u751c\u79c1\u623f\u732b \u5c0f\u8d77\u53f8\u732b \u5e3d\u5b50\u56f4\u5dfe\u624b\u5957\u4e00\u4f53\u4e09\u4ef6\u5957\u79cb\u51ac",
        "cover_price": "93.90",
        "origin_price": "198.00",
        "brief": "",
        "figure": "\/1446112383959.jpg"
      },
      {
        "product_id": "3476",
        "channel_id": "12",
        "brand_id": "281",
        "p_catalog_id": "71",
        "name": "\u3010\u4e00\u65b9\u5c18\u5bf0\u3011\u548c\u98ce\u91cd\u6a31\u73cd\u73e0\u6d41\u82cf\u7c2a",
        "cover_price": "35.00",
        "origin_price": "45.00",
        "brief": "",
        "figure": "\/supplier\/1449839522267.jpg"
      },
      {
        "product_id": "2467",
        "channel_id": "3",
        "brand_id": "27",
        "p_catalog_id": "25",
        "name": "\u3010\u53e4\u602a\u820d\u3011Free \u8d85\u840cQ\u7248\u6e38\u6cf3\u5708 \u7537\u5b50\u57fa\u6cf3\u90e8\u624b\u529e\u516c\u4ed4 \u4e00\u5957",
        "cover_price": "114.00",
        "origin_price": "129.00",
        "brief": "",
        "figure": "\/1445935768822.jpg"
      },
      {
        "product_id": "7170",
        "channel_id": "10",
        "brand_id": "286",
        "p_catalog_id": "99",
        "name": "\u3010\u6d77\u9e1f\u8de8\u5883\u3011\u65e5\u672c\u8fdb\u53e3 \u4e00\u5e73\u86cb\u9ec4\u9171\u591c\u5e97\u7092\u9762\u62cc\u9762",
        "cover_price": "18.00",
        "origin_price": "28.00",
        "brief": " \u4fdd\u7a0e\u533a\u53d1\u8d27\u67093-5\u5929\u7684\u5ba1\u6838\u65f6\u95f4",
        "figure": "\/supplier\/1466135546395.jpg"
      },
      {
        "product_id": "3719",
        "channel_id": "3",
        "brand_id": "77",
        "p_catalog_id": "105",
        "name": "\u3010\u6f2b\u8da3\u3011\u732b\u54aa\u5ead\u9662 \u732b\u54aa\u540e\u9662 \u6bdb\u7ed2\u56f4\u5dfe\u5e3d\u5b50\u624b\u5957\u4e09\u5408\u4e00",
        "cover_price": "68.00",
        "origin_price": "118.00",
        "brief": "",
        "figure": "\/1451107024809.jpg"
      },
      {
        "product_id": "6784",
        "channel_id": "12",
        "brand_id": "281",
        "p_catalog_id": "71",
        "name": "\u3010\u4e00\u65b9\u5c18\u5bf0\u3011\u5251\u4e0995\u5927\u6a59\u6b66\u4e94\u6bd2\u00b7\u7edb\u7389\u62e8\u4e91 \u53d1\u7c2aBJD cos\u9053\u5177",
        "cover_price": "95.00",
        "origin_price": "105.00",
        "brief": "\u5168\u90e8\u73b0\u8d27\u5168\u90e8\u73b0\u8d27\uff01\uff01\u6a21\u7279\u56fe\u5df2\u51fa\uff01\uff01\u6539\u7248\u4e4b\u540e\u66f4\u5c4c\u6709\u6728\u6709\uff01\u9ad8\u54c1\u8d28\u72ec\u5bb6\u6253\u7248\u5f00\u6a21\u7edd\u5bf9\u8d85\u503c\uff01 \u5b9e\u529b\u6253\u9020\uff0c\u4e0d\u5bb9\u9519\u8fc7\uff01 \u7528\u5fc3\u6253\u78e8\uff0c\u53ea\u4e3a\u5706\u60a8\u4e00\u4e2a\u6a59\u6b66\u68a6\uff01\uff01\uff01",
        "figure": "\/supplier\/1469697386716.jpg"
      },
      {
        "product_id": "6452",
        "channel_id": "8",
        "brand_id": "254",
        "p_catalog_id": "22",
        "name": "\u3010\u6f2b\u8e2a\u3011 \u539f\u521b\u5bf9\u65b9\u62d2\u7edd\u6d88\u606f\u5e76\u5411\u60a8\u6254\u4e86\u4e00\u53ea\u72d7\u8868\u60c5\u5305\u6076\u641e\u6bdb\u7ed2\u62b1\u6795",
        "cover_price": "59.00",
        "origin_price": "95.00",
        "brief": "\u9884\u552e\u81f310\u670813\u65e5\u53d1\u8d27~\u51fa\u8d27\u540e\u5c06\u6309\u8ba2\u5355\u987a\u5e8f\u5b89\u6392\u53d1\u8d27~",
        "figure": "\/1463121542577.jpg"
      },
      {
        "product_id": "4640",
        "channel_id": "3",
        "brand_id": "5",
        "p_catalog_id": "30",
        "name": "\u3010\u667a\u8da3\u5c4b\u3011DIY\u5c0f\u5c4b\u76d2\u5b50\u5267\u573a \u624b\u5de5\u62fc\u88c5\u623f\u5b50 \u6a21\u578b\u73a9\u5177\u521b\u610f\u793c\u54c1 \u9001\u5de5\u5177",
        "cover_price": "36.00",
        "origin_price": "36.00",
        "brief": "3\u6b3e\u53ef\u4f9b\u9009\u62e9\uff0c\u5c0f\u4ed3\u9001\u954a\u5b50\u3001\u80f6\u6c34\u7b49\u5de5\u5177\u54e6~",
        "figure": "\/1455775424896.jpg"
      },
      {
        "product_id": "1752",
        "channel_id": "12",
        "brand_id": "3",
        "p_catalog_id": "73",
        "name": "\u5251\u7f513\u95e8\u6d3e\u884d\u751f\u540c\u4eba\u539f\u521b\u624b\u94fe ",
        "cover_price": "68.00",
        "origin_price": "68.00",
        "brief": "",
        "figure": "\/1450754469244.jpg"
      },
      {
        "product_id": "3269",
        "channel_id": "4",
        "brand_id": "3",
        "p_catalog_id": "90",
        "name": "[\u781a\u6c60\u5de5\u4f5c\u5ba4]\u5251\u4e09\u5468\u8fb9\u95e8\u6d3e\u53e4\u98ce\u539f\u521b\u72ec\u5bb6\u624b\u5de5\u5b9a\u5236\u53d1\u5149\u5c0f\u591c\u706f",
        "cover_price": "68.00",
        "origin_price": "68.00",
        "brief": "\u4e0d\u5305\u542b\u63d0\u624b~\u4e0d\u5305\u542b\u63d0\u624b~\u4e0d\u5305\u542b\u63d0\u624b~OVO \u91cd\u8981\u7684si\u60c5\u55e6\u4e09\u904d~~~ \u5de5\u671f\u4e3a5-10\u4e2a\u5de5\u4f5c\u65e5~\r\n",
        "figure": "\/1449219464141.jpg"
      },
      {
        "product_id": "3120",
        "channel_id": "3",
        "brand_id": "234",
        "p_catalog_id": "28",
        "name": "\u3010\u53e4\u602a\u820d\u3011\u548c\u98ce\u6a31\u82b1\u52a8\u7269-\u732b\/\u5154\/\u9e7f \u521b\u610f\u73bb\u7483\u6c34\u676f\u5b50\u8336\u676f C31",
        "cover_price": "27.50",
        "origin_price": "28.50",
        "brief": "",
        "figure": "\/1448941498675.jpg"
      },
      {
        "product_id": "6052",
        "channel_id": "3",
        "brand_id": "364",
        "p_catalog_id": "90",
        "name": "\u3010\u5320\u5fc3\u8bda\u54c1\u3011 \u63fd\u67083D\u6253\u5370\u7acb\u4f53\u6708\u4eae\u706f \u521b\u610f\u6708\u7403\u706f \u5145\u7535\u591c\u706fLuna \u5b9a\u5236\u7248",
        "cover_price": "139.00",
        "origin_price": "510.00",
        "brief": " 7CM\uff0c\uff08\u9650\u6c49\u5b573\u5b57\u4ee5\u5185\uff0c\u82f1\u65876\u4e2a\u5b57\u6bcd\u4ee5\u5185\uff09\uff1b\r\n10CM\uff0c\uff08\u9650\u6c49\u5b573\u5b57\u4ee5\u5185\uff0c\u82f1\u65876\u4e2a\u5b57\u6bcd\u4ee5\u5185\uff09\uff1b\r\n15CM\uff0c\uff08\u9650\u6c49\u5b5710\u5b57\u4ee5\u5185\uff0c\u82f1\u658720\u4e2a\u5b57\u6bcd\u4ee5\u5185\uff09\u3002\r\n\u53d1\u8d27\u65f6\u95f4\u4e3a\u8bbe\u8ba1\u5e08\u5b9a\u7a3f\u540e5-7\u5929\u5185\u53d1\u8d27\u3002\r\n",
        "figure": "\/1461228273193.jpg"
      },
      {
        "product_id": "4947",
        "channel_id": "8",
        "brand_id": "5",
        "p_catalog_id": "71",
        "name": "\u3010USEE\u54df\u559c\u3011 \u539f\u521b\u7eb9\u8eab\u8d34\u9632\u6c34 \u9ed1\u767d\u5f69\u8272\u6301\u4e45\u7537\u5973\u68ee\u5973\u8774\u8776\u9e7f \u7279\u60e0\u5957\u88c5",
        "cover_price": "22.00",
        "origin_price": "22.00",
        "brief": "",
        "figure": "\/1467361365770.jpg"
      },
      {
        "product_id": "3209",
        "channel_id": "4",
        "brand_id": "3",
        "p_catalog_id": "26",
        "name": "[\u781a\u6c60\u5de5\u4f5c\u5ba4] \u5251\u7f513 \u5251\u4e09\u5468\u8fb9\u95e8\u6d3e\u53e4\u98ce\u539f\u521b\u72ec\u5bb6\u624b\u5de5\u5b9a\u5236\u793c\u7269\u6728\u8d28\u5361\u5957",
        "cover_price": "26.40",
        "origin_price": "30.00",
        "brief": "",
        "figure": "\/1449134007474.jpg"
      },
      {
        "product_id": "6969",
        "channel_id": "8",
        "brand_id": "403",
        "p_catalog_id": "29",
        "name": "\u3010\u6d89\u5ddd\u539f\u521b\u3011\u5468\u8fb9\u5c0f\u7269 \u624b\u611f\u8d85\u597d\u8d85\u840c\u7684\u5154\u6bdb\u5c0f\u5154\u7eb8\u5305\u6302\/\u6bdb\u7ed2\u73a9\u5076",
        "cover_price": "68.00",
        "origin_price": "68.00",
        "brief": "\u5154\u5154\u521a\u5230\u624b\u4f1a\u6709\u6d6e\u6bdb\uff0c\u591a\u62cd\u62cd\u6296\u6296\u5439\u5439\u63c9\u63c9\u5c31\u597d\u5566(",
        "figure": "\/1465620442251.jpg"
      },
      {
        "product_id": "4628",
        "channel_id": "8",
        "brand_id": "5",
        "p_catalog_id": "56",
        "name": "\u3010\u6f2b\u8e2a\u3011 \u539f\u521b\u53ef\u7231\u840c\u732b\u54aa\u5927\u4eba \u7acb\u4f53\u732b\u5c3eT\u6064 \u857e\u4e1d\u82b1\u8fb9\u5973",
        "cover_price": "79.00",
        "origin_price": "142.00",
        "brief": "",
        "figure": "\/1461571069605.jpg"
      },
      {
        "product_id": "589",
        "channel_id": "8",
        "brand_id": "266",
        "p_catalog_id": "12",
        "name": "\u5b9a\u5236\u3010Neverland \u539f\u521b\u3011\u76f4\u53d1 \u70eb\u91d1lolita \u4eba\u9c7c\u4e4b\u6b4c \u9ad8\u8170JSK\u8fde\u8863\u88d9",
        "cover_price": "403.04",
        "origin_price": "458.00",
        "brief": "45\u5929\u5de5\u671f",
        "figure": "\/1438772068067.jpg"
      }
    ],
    "catalog_data": false,
    "brand_data": false,
    "is_recommended": "1"
  }
}